Start Date,End Date,Load Number,Shipper,Carrier,Workflow,Alert,Response Time,Raw Response,Goal,Updated data points on FK,Reminder,Escalated
2024-10-31,2024-10-31,4303699784,smithfield-foods,Hirschbach Motor Lines Inc,ready_to_pickup,,0 days 00:42:10,,SUCCESS,FETCHED_CARRIER_SCAC; LOAD_UPDATED,,
2024-10-31,2024-10-31,4303707393,smithfield-foods,Schuster Co.,ready_to_pickup,,0 days 00:04:25,,SUCCESS,FETCHED_CARRIER_SCAC; LOAD_UPDATED; MAIL_SENT_TO_CARRIER,Y,
2024-10-31,2024-10-31,4303697532,smithfield-foods,Hirschbach Motor Lines Inc,ready_to_pickup,,0 days 00:57:44,,SUCCESS,FETCHED_CARRIER_SCAC; LOAD_UPDATED; MAIL_SENT_TO_CARRIER,Y,
2024-10-31,2024-11-01,4303701582,smithfield-foods,Hirschbach Motor Lines Inc,ready_to_pickup,,0 days 23:26:55,,SUCCESS,FETCHED_CARRIER_SCAC; LOAD_UPDATED; MAIL_SENT_TO_CARRIER,Y,
2024-10-31,,4303674280,smithfield-foods,Armour Eckrich Transportation,ready_to_pickup,,,,SUCCESS,FETCHED_CARRIER_SCAC; LOAD_UPDATED; MAIL_SENT_TO_CARRIER,Y,Y
2024-10-31,2024-11-01,4303705546,smithfield-foods,Prime Inc.,ready_to_pickup,,1 days 01:35:07,,SUCCESS,FETCHED_CARRIER_SCAC; LOAD_UPDATED; MAIL_SENT_TO_CARRIER,Y,
2024-10-31,,4303705903,smithfield-foods,Armour Eckrich Transportation,ready_to_pickup,,,,SUCCESS,FETCHED_CARRIER_SCAC; LOAD_UPDATED; MAIL_SENT_TO_CARRIER,Y,Y
2024-10-31,2024-10-31,5000262152,smithfield-foods,Sharkey Transportation,ready_to_pickup,,0 days 00:45:48,,SUCCESS,FETCHED_CARRIER_SCAC; LOAD_UPDATED; MAIL_SENT_TO_CARRIER,Y,
2024-10-31,2024-10-31,4303705881,smithfield-foods,Hirschbach Motor Lines Inc,ready_to_pickup,,0 days 00:20:46,,SUCCESS,FETCHED_CARRIER_SCAC; LOAD_UPDATED; MAIL_SENT_TO_CARRIER,Y,
2024-10-31,2024-10-31,5000262157,smithfield-foods,Sharkey Transportation,ready_to_pickup,,0 days 00:45:50,,SUCCESS,FETCHED_CARRIER_SCAC; LOAD_UPDATED; MAIL_SENT_TO_CARRIER,Y,
2024-10-31,2024-10-31,4303679323,smithfield-foods,Raider Express Inc.,ready_to_pickup,,0 days 00:53:55,,SUCCESS,FETCHED_CARRIER_SCAC; LOAD_UPDATED; MAIL_SENT_TO_CARRIER,Y,
2024-10-31,2024-10-31,4303704778,smithfield-foods,Potter Transport Inc.,ready_to_pickup,,0 days 00:30:21,,SUCCESS,FETCHED_CARRIER_SCAC; LOAD_UPDATED; MAIL_SENT_TO_CARRIER,,
2024-10-31,2024-10-31,4303706686,smithfield-foods,Prime Inc.,ready_to_pickup,,0 days 00:55:48,,SUCCESS,FETCHED_CARRIER_SCAC; LOAD_UPDATED; MAIL_SENT_TO_CARRIER,Y,
2024-10-31,2024-10-31,5000262067,smithfield-foods,Sharkey Transportation,ready_to_pickup,,0 days 00:45:47,,SUCCESS,FETCHED_CARRIER_SCAC; LOAD_UPDATED; MAIL_SENT_TO_CARRIER,Y,
2024-10-31,2024-10-31,5000262133,smithfield-foods,Potter Transport Inc.,ready_to_pickup,,0 days 00:30:25,,SUCCESS,FETCHED_CARRIER_SCAC; LOAD_UPDATED; MAIL_SENT_TO_CARRIER,,
2024-10-31,2024-10-31,4303693393,smithfield-foods,Raider Express Inc.,ready_to_pickup,,0 days 00:53:56,,SUCCESS,FETCHED_CARRIER_SCAC; LOAD_UPDATED; MAIL_SENT_TO_CARRIER,Y,
2024-10-31,2024-10-31,4303693831,smithfield-foods,Raider Express Inc.,ready_to_pickup,,0 days 00:53:57,,SUCCESS,FETCHED_CARRIER_SCAC; LOAD_UPDATED; MAIL_SENT_TO_CARRIER,Y,
2024-10-31,2024-10-31,4303694160,smithfield-foods,Hirschbach Motor Lines Inc,ready_to_pickup,,0 days 00:20:35,,SUCCESS,FETCHED_CARRIER_SCAC; LOAD_UPDATED; MAIL_SENT_TO_CARRIER,,
2024-10-31,2024-10-31,5000262134,smithfield-foods,Potter Transport Inc.,ready_to_pickup,,0 days 00:28:53,,SUCCESS,FETCHED_CARRIER_SCAC; LOAD_UPDATED; MAIL_SENT_TO_CARRIER,,
2024-10-31,2024-10-31,5000262149,smithfield-foods,Johnson Feed Inc.,ready_to_pickup,,0 days 00:55:50,,SUCCESS,FETCHED_CARRIER_SCAC; LOAD_UPDATED; MAIL_SENT_TO_CARRIER,Y,
2024-10-31,2024-10-31,5000262139,smithfield-foods,Hirschbach Motor Lines Inc,ready_to_pickup,,0 days 00:54:46,,SUCCESS,FETCHED_CARRIER_SCAC; LOAD_UPDATED; MAIL_SENT_TO_CARRIER,Y,
2024-10-31,2024-10-31,5000262158,smithfield-foods,Buhr's Trucking,ready_to_pickup,,0 days 00:54:31,,SUCCESS,FETCHED_CARRIER_SCAC; LOAD_UPDATED; MAIL_SENT_TO_CARRIER,Y,
2024-10-31,2024-10-31,5000262155,smithfield-foods,Hirschbach Motor Lines Inc,ready_to_pickup,,0 days 00:54:46,,SUCCESS,FETCHED_CARRIER_SCAC; LOAD_UPDATED; MAIL_SENT_TO_CARRIER,Y,
2024-10-31,2024-10-31,5000262159,smithfield-foods,Buhr's Trucking,ready_to_pickup,,0 days 00:54:32,,SUCCESS,FETCHED_CARRIER_SCAC; LOAD_UPDATED; MAIL_SENT_TO_CARRIER,Y,
2024-10-31,2024-10-31,4303689676,smithfield-foods,Buhr's Trucking,ready_to_pickup,,0 days 00:54:25,,SUCCESS,FETCHED_CARRIER_SCAC; LOAD_UPDATED; MAIL_SENT_TO_CARRIER,Y,
2024-10-31,2024-10-31,4303691562,smithfield-foods,Moeller Trucking Inc.,ready_to_pickup,,0 days 00:36:03,,SUCCESS,FETCHED_CARRIER_SCAC; LOAD_UPDATED; MAIL_SENT_TO_CARRIER,Y,
2024-10-31,2024-10-31,4303691654,smithfield-foods,Buhr's Trucking,ready_to_pickup,,0 days 00:54:30,,SUCCESS,FETCHED_CARRIER_SCAC; LOAD_UPDATED; MAIL_SENT_TO_CARRIER,Y,
2024-10-31,2024-10-31,5000262154,smithfield-foods,Johnson Feed Inc.,ready_to_pickup,,0 days 00:55:50,,SUCCESS,FETCHED_CARRIER_SCAC; LOAD_UPDATED; MAIL_SENT_TO_CARRIER,Y,
2024-10-31,,4303691913,smithfield-foods,Moeller Trucking Inc.,ready_to_pickup,,,,SUCCESS,FETCHED_CARRIER_SCAC; LOAD_UPDATED; MAIL_SENT_TO_CARRIER,Y,
2024-10-31,2024-10-31,5000262049,smithfield-foods,Johnson Feed Inc.,ready_to_pickup,,0 days 00:55:48,,SUCCESS,FETCHED_CARRIER_SCAC; LOAD_UPDATED; MAIL_SENT_TO_CARRIER,Y,
2024-10-31,2024-10-31,5000262055,smithfield-foods,Friend Freightways Inc.,ready_to_pickup,,0 days 00:01:49,,SUCCESS,FETCHED_CARRIER_SCAC; LOAD_UPDATED; MAIL_SENT_TO_CARRIER,Y,
2024-10-31,2024-10-31,5000262069,smithfield-foods,Hirschbach Motor Lines Inc,ready_to_pickup,,0 days 00:54:45,,SUCCESS,FETCHED_CARRIER_SCAC; LOAD_UPDATED; MAIL_SENT_TO_CARRIER,Y,Y
2024-10-31,2024-10-31,5000262069,smithfield-foods,Hirschbach Motor Lines Inc,ready_to_pickup,,0 days 00:54:45,,SUCCESS,FETCHED_CARRIER_SCAC; LOAD_UPDATED; MAIL_SENT_TO_CARRIER,Y,
2024-10-31,2024-10-31,5000262052,smithfield-foods,Johnson Feed Inc.,ready_to_pickup,,0 days 00:55:49,,SUCCESS,FETCHED_CARRIER_SCAC; LOAD_UPDATED; MAIL_SENT_TO_CARRIER,Y,
2024-10-31,2024-10-31,5000262052,smithfield-foods,Johnson Feed Inc.,ready_to_pickup,,0 days 00:55:49,,SUCCESS,FETCHED_CARRIER_SCAC; LOAD_UPDATED; MAIL_SENT_TO_CARRIER,Y,Y
2024-10-31,2024-10-31,5000262049,smithfield-foods,Johnson Feed Inc.,ready_to_pickup,,0 days 00:55:48,,SUCCESS,FETCHED_CARRIER_SCAC; LOAD_UPDATED; MAIL_SENT_TO_CARRIER,Y,Y
2024-10-31,,4303702061,smithfield-foods,Moeller Trucking Inc.,ready_to_pickup,,,,SUCCESS,FETCHED_CARRIER_SCAC; LOAD_UPDATED; MAIL_SENT_TO_CARRIER,Y,
2024-10-31,2024-10-31,4303703683,smithfield-foods,Buhr's Trucking,ready_to_pickup,,0 days 00:54:30,,SUCCESS,FETCHED_CARRIER_SCAC; LOAD_UPDATED; MAIL_SENT_TO_CARRIER,Y,
2024-10-31,2024-10-31,5000262125,smithfield-foods,Potter Transport Inc.,ready_to_pickup,,0 days 00:28:52,,SUCCESS,FETCHED_CARRIER_SCAC; LOAD_UPDATED; MAIL_SENT_TO_CARRIER,,
2024-10-31,2024-10-31,4303693330,smithfield-foods,Moeller Trucking Inc.,ready_to_pickup,,0 days 00:35:19,,SUCCESS,FETCHED_CARRIER_SCAC; LOAD_UPDATED; MAIL_SENT_TO_CARRIER,Y,Y
2024-10-31,2024-10-31,4303693330,smithfield-foods,Moeller Trucking Inc.,ready_to_pickup,,0 days 00:35:19,,SUCCESS,FETCHED_CARRIER_SCAC; LOAD_UPDATED; MAIL_SENT_TO_CARRIER,Y,
2024-10-31,2024-10-31,4303697984,smithfield-foods,Hirschbach Motor Lines Inc,ready_to_pickup,,0 days 00:02:58,,SUCCESS,FETCHED_CARRIER_SCAC; LOAD_UPDATED; MAIL_SENT_TO_CARRIER,,
2024-10-31,,4303684234,smithfield-foods,Prime Inc.,ready_to_pickup,,,,SUCCESS,FETCHED_CARRIER_SCAC; LOAD_UPDATED; MAIL_SENT_TO_CARRIER,Y,Y
2024-10-31,2024-10-31,5000262170,smithfield-foods,Heyl Truck Lines,ready_to_pickup,,0 days 00:32:06,,SUCCESS,FETCHED_CARRIER_SCAC; LOAD_UPDATED; MAIL_SENT_TO_CARRIER,,
2024-10-31,2024-10-31,4303684438,smithfield-foods,Johnson Feed Inc.,ready_to_pickup,,0 days 00:06:16,,SUCCESS,FETCHED_CARRIER_SCAC; LOAD_UPDATED; MAIL_SENT_TO_CARRIER,,
2024-10-31,2024-11-01,4303691871,smithfield-foods,HILL BROTHERS TRANSPORTATION INC,ready_to_pickup,,1 days 00:58:11,,SUCCESS,FETCHED_CARRIER_SCAC; LOAD_UPDATED; MAIL_SENT_TO_CARRIER,,
2024-10-31,2024-11-01,4303691871,smithfield-foods,HILL BROTHERS TRANSPORTATION INC,ready_to_pickup,,1 days 00:58:11,,SUCCESS,FETCHED_CARRIER_SCAC; LOAD_UPDATED; MAIL_SENT_TO_CARRIER,Y,Y
2024-10-31,2024-10-31,5000262148,smithfield-foods,Johnson Feed Inc.,ready_to_pickup,,0 days 00:06:17,,SUCCESS,FETCHED_CARRIER_SCAC; LOAD_UPDATED; MAIL_SENT_TO_CARRIER,,
2024-10-31,2024-10-31,5000262147,smithfield-foods,Potter Transport Inc.,ready_to_pickup,,0 days 00:06:09,,SUCCESS,FETCHED_CARRIER_SCAC; LOAD_UPDATED; MAIL_SENT_TO_CARRIER,,
2024-10-31,2024-10-31,4303704102,smithfield-foods,Hirschbach Motor Lines Inc,ready_to_pickup,,0 days 03:05:50,,SUCCESS,FETCHED_CARRIER_SCAC; LOAD_UPDATED; MAIL_SENT_TO_CARRIER,Y,
2024-10-31,2024-10-31,4303680019,smithfield-foods,Moeller Trucking Inc.,ready_to_pickup,,0 days 00:16:18,,SUCCESS,FETCHED_CARRIER_SCAC; LOAD_UPDATED; MAIL_SENT_TO_CARRIER,,
2024-10-31,2024-10-31,4303697513,smithfield-foods,HILL BROTHERS TRANSPORTATION INC,ready_to_pickup,,0 days 00:34:34,,SUCCESS,FETCHED_CARRIER_SCAC; LOAD_UPDATED; MAIL_SENT_TO_CARRIER,Y,Y
2024-10-31,2024-10-31,4303697513,smithfield-foods,HILL BROTHERS TRANSPORTATION INC,ready_to_pickup,,0 days 00:34:34,,SUCCESS,FETCHED_CARRIER_SCAC; LOAD_UPDATED; MAIL_SENT_TO_CARRIER,Y,
2024-10-31,,4303691563,smithfield-foods,Raider Express Inc.,ready_to_pickup,,,,SUCCESS,FETCHED_CARRIER_SCAC; LOAD_UPDATED; MAIL_SENT_TO_CARRIER,Y,Y
2024-10-31,,4303702817,smithfield-foods,Hirschbach Motor Lines Inc,ready_to_pickup,,,,SUCCESS,FETCHED_CARRIER_SCAC; LOAD_UPDATED; MAIL_SENT_TO_CARRIER,Y,Y
2024-10-31,,4303688081,smithfield-foods,Johnson Feed Inc.,ready_to_pickup,,,,SUCCESS,FETCHED_CARRIER_SCAC; LOAD_UPDATED; MAIL_SENT_TO_CARRIER,Y,Y
2024-10-31,,4303685966,smithfield-foods,Swift Transportation Company,ready_to_pickup,,,,SUCCESS,FETCHED_CARRIER_SCAC; LOAD_UPDATED; MAIL_SENT_TO_CARRIER,Y,Y
2024-10-31,,4303691950,smithfield-foods,Raider Express Inc.,ready_to_pickup,,,,SUCCESS,FETCHED_CARRIER_SCAC; LOAD_UPDATED; MAIL_SENT_TO_CARRIER,Y,Y
2024-10-31,2024-10-31,4303703669,smithfield-foods,WINDWALKER TRANSPORTATION INC,ready_to_pickup,,0 days 00:28:50,,SUCCESS,FETCHED_CARRIER_SCAC; LOAD_UPDATED; MAIL_SENT_TO_CARRIER,,
2024-10-31,2024-11-01,4303706179,smithfield-foods,"Nationwide Transportation, Inc. (NTWD)",ready_to_pickup,,0 days 23:54:48,,SUCCESS,FETCHED_CARRIER_SCAC; LOAD_UPDATED; MAIL_SENT_TO_CARRIER,Y,
2024-10-31,,4303702723,smithfield-foods,Johnson Feed Inc.,ready_to_pickup,,,,SUCCESS,FETCHED_CARRIER_SCAC; LOAD_UPDATED; MAIL_SENT_TO_CARRIER,Y,Y
2024-10-31,2024-10-31,4303684185,smithfield-foods,ST Freight LLC,ready_to_pickup,,0 days 00:03:49,,SUCCESS,FETCHED_CARRIER_SCAC; LOAD_UPDATED; MAIL_SENT_TO_CARRIER,,
2024-11-01,2024-11-01,4303701692,smithfield-foods,Hirschbach Motor Lines Inc,ready_to_pickup,,0 days 00:49:29,,SUCCESS,FETCHED_CARRIER_SCAC; LOAD_UPDATED; MAIL_SENT_TO_CARRIER,Y,
2024-11-01,2024-11-01,4303696240,smithfield-foods,Hirschbach Motor Lines Inc,ready_to_pickup,,0 days 00:49:27,,SUCCESS,FETCHED_CARRIER_SCAC; LOAD_UPDATED; MAIL_SENT_TO_CARRIER,Y,
2024-11-01,2024-11-01,4303703686,smithfield-foods,Buhr's Trucking,ready_to_pickup,,0 days 02:34:50,,SUCCESS,FETCHED_CARRIER_SCAC; LOAD_UPDATED; MAIL_SENT_TO_CARRIER,,
2024-11-01,2024-11-01,4303691691,smithfield-foods,HILL BROTHERS TRANSPORTATION INC,ready_to_pickup,,0 days 00:43:54,,SUCCESS,FETCHED_CARRIER_SCAC; LOAD_UPDATED; MAIL_SENT_TO_CARRIER,Y,
2024-11-01,2024-11-01,4303697475,smithfield-foods,Johnson Feed Inc.,ready_to_pickup,,0 days 05:49:45,,SUCCESS,FETCHED_CARRIER_SCAC; LOAD_UPDATED; MAIL_SENT_TO_CARRIER,Y,
2024-11-01,2024-11-01,4303691874,smithfield-foods,Moeller Trucking Inc.,ready_to_pickup,,0 days 00:48:08,,SUCCESS,FETCHED_CARRIER_SCAC; LOAD_UPDATED; MAIL_SENT_TO_CARRIER,Y,
2024-11-01,2024-11-01,4303691691,smithfield-foods,HILL BROTHERS TRANSPORTATION INC,ready_to_pickup,,0 days 00:43:54,,SUCCESS,FETCHED_CARRIER_SCAC; LOAD_UPDATED; MAIL_SENT_TO_CARRIER,Y,Y
2024-11-01,2024-11-01,4303702559,smithfield-foods,Potter Transport Inc.,ready_to_pickup,,0 days 01:13:00,,SUCCESS,FETCHED_CARRIER_SCAC; LOAD_UPDATED; MAIL_SENT_TO_CARRIER,,
2024-11-01,2024-11-01,5000262264,smithfield-foods,Sharkey Transportation,ready_to_pickup,,0 days 00:41:34,,SUCCESS,FETCHED_CARRIER_SCAC; LOAD_UPDATED; MAIL_SENT_TO_CARRIER,Y,
2024-11-01,2024-11-01,4303679209,smithfield-foods,Raider Express Inc.,ready_to_pickup,,0 days 00:42:15,,SUCCESS,FETCHED_CARRIER_SCAC; LOAD_UPDATED; MAIL_SENT_TO_CARRIER,Y,
2024-11-01,2024-11-01,5000262206,smithfield-foods,Sharkey Transportation,ready_to_pickup,,0 days 00:41:29,,SUCCESS,FETCHED_CARRIER_SCAC; LOAD_UPDATED; MAIL_SENT_TO_CARRIER,Y,
2024-11-01,2024-11-01,5000262246,smithfield-foods,Sharkey Transportation,ready_to_pickup,,0 days 00:41:32,,SUCCESS,FETCHED_CARRIER_SCAC; LOAD_UPDATED; MAIL_SENT_TO_CARRIER,Y,
2024-11-01,2024-11-01,4303706174,smithfield-foods,Hirschbach Motor Lines Inc,ready_to_pickup,,0 days 03:16:47,,SUCCESS,FETCHED_CARRIER_SCAC; LOAD_UPDATED,,
2024-11-01,2024-11-01,5000262253,smithfield-foods,Sharkey Transportation,ready_to_pickup,,0 days 00:41:33,,SUCCESS,FETCHED_CARRIER_SCAC; LOAD_UPDATED; MAIL_SENT_TO_CARRIER,Y,
2024-11-01,2024-11-01,4303707881,smithfield-foods,Sharkey Transportation,ready_to_pickup,,0 days 00:41:29,,SUCCESS,FETCHED_CARRIER_SCAC; LOAD_UPDATED; MAIL_SENT_TO_CARRIER,Y,
2024-11-01,2024-11-01,4303684244,smithfield-foods,Moeller Trucking Inc.,ready_to_pickup,,0 days 00:38:51,,SUCCESS,FETCHED_CARRIER_SCAC; LOAD_UPDATED; MAIL_SENT_TO_CARRIER,Y,
2024-11-01,2024-11-02,4303697246,smithfield-foods,Hirschbach Motor Lines Inc,ready_to_pickup,,1 days 01:02:28,,SUCCESS,FETCHED_CARRIER_SCAC; LOAD_UPDATED; MAIL_SENT_TO_CARRIER,Y,
2024-11-01,2024-11-01,4303691910,smithfield-foods,Raider Express Inc.,ready_to_pickup,,0 days 01:59:25,,SUCCESS,FETCHED_CARRIER_SCAC; LOAD_UPDATED; MAIL_SENT_TO_CARRIER,Y,Y
2024-11-01,2024-11-01,4303699803,smithfield-foods,Stevens Transport,ready_to_pickup,,0 days 01:46:41,,SUCCESS,FETCHED_CARRIER_SCAC; LOAD_UPDATED; MAIL_SENT_TO_CARRIER,Y,
2024-11-01,2024-11-01,4303691879,smithfield-foods,Raider Express Inc.,ready_to_pickup,,0 days 01:59:24,,SUCCESS,FETCHED_CARRIER_SCAC; LOAD_UPDATED; MAIL_SENT_TO_CARRIER,,
2024-11-01,2024-11-01,4303691879,smithfield-foods,Raider Express Inc.,ready_to_pickup,,0 days 01:59:24,,SUCCESS,FETCHED_CARRIER_SCAC; LOAD_UPDATED; MAIL_SENT_TO_CARRIER,Y,Y
2024-11-01,2024-11-01,4303697389,smithfield-foods,Potter Transport Inc.,ready_to_pickup,,0 days 00:53:32,,SUCCESS,FETCHED_CARRIER_SCAC; LOAD_UPDATED; MAIL_SENT_TO_CARRIER,Y,
2024-11-01,2024-11-01,4303691564,smithfield-foods,WINDWALKER TRANSPORTATION INC,ready_to_pickup,,0 days 01:46:00,,SUCCESS,FETCHED_CARRIER_SCAC; LOAD_UPDATED; MAIL_SENT_TO_CARRIER,Y,
2024-11-01,2024-11-01,4303708077,smithfield-foods,Stevens Transport,ready_to_pickup,,0 days 01:46:40,,SUCCESS,FETCHED_CARRIER_SCAC; LOAD_UPDATED; MAIL_SENT_TO_CARRIER,Y,
2024-11-01,2024-11-01,4303691910,smithfield-foods,Raider Express Inc.,ready_to_pickup,,0 days 01:59:25,,SUCCESS,FETCHED_CARRIER_SCAC; LOAD_UPDATED; MAIL_SENT_TO_CARRIER,,
2024-11-01,2024-11-01,4303691660,smithfield-foods,Raider Express Inc.,ready_to_pickup,,0 days 01:59:24,,SUCCESS,FETCHED_CARRIER_SCAC; LOAD_UPDATED; MAIL_SENT_TO_CARRIER,,
2024-11-01,2024-11-02,4303706695,smithfield-foods,Prime Inc.,ready_to_pickup,,1 days 01:03:25,,SUCCESS,FETCHED_CARRIER_SCAC; LOAD_UPDATED; MAIL_SENT_TO_CARRIER,Y,
2024-11-01,2024-11-01,4303698285,smithfield-foods,Larsen Logistics,ready_to_pickup,,0 days 02:00:18,,SUCCESS,FETCHED_CARRIER_SCAC; LOAD_UPDATED; MAIL_SENT_TO_CARRIER,Y,
2024-11-01,2024-11-01,4303691660,smithfield-foods,Raider Express Inc.,ready_to_pickup,,0 days 01:59:24,,SUCCESS,FETCHED_CARRIER_SCAC; LOAD_UPDATED; MAIL_SENT_TO_CARRIER,Y,Y
2024-11-01,2024-11-04,4303705224,smithfield-foods,Hirschbach Motor Lines Inc,ready_to_pickup,,3 days 03:25:54,,SUCCESS,FETCHED_CARRIER_SCAC; LOAD_UPDATED; MAIL_SENT_TO_CARRIER,Y,
2024-11-01,2024-11-02,4303707005,smithfield-foods,Prime Inc.,ready_to_pickup,,1 days 01:03:25,,SUCCESS,FETCHED_CARRIER_SCAC; LOAD_UPDATED; MAIL_SENT_TO_CARRIER,Y,
2024-11-01,2024-11-02,4303697560,smithfield-foods,K and B Transportation Inc.,ready_to_pickup,,1 days 00:49:14,,SUCCESS,FETCHED_CARRIER_SCAC; LOAD_UPDATED; MAIL_SENT_TO_CARRIER,,
2024-11-01,2024-11-02,4303697560,smithfield-foods,K and B Transportation Inc.,ready_to_pickup,,1 days 00:49:14,,SUCCESS,FETCHED_CARRIER_SCAC; LOAD_UPDATED; MAIL_SENT_TO_CARRIER,Y,Y
2024-11-01,2024-11-02,4303697481,smithfield-foods,Eickhoff Enterprises Inc,ready_to_pickup,,1 days 01:01:48,,SUCCESS,FETCHED_CARRIER_SCAC; LOAD_UPDATED; MAIL_SENT_TO_CARRIER,Y,
2024-11-01,2024-11-01,4303706101,smithfield-foods,Heyl Truck Lines,ready_to_pickup,,0 days 00:06:55,,SUCCESS,FETCHED_CARRIER_SCAC; LOAD_UPDATED; MAIL_SENT_TO_CARRIER,,
2024-11-01,2024-11-01,4303701883,smithfield-foods,"Nationwide Transportation, Inc. (NTWD)",ready_to_pickup,,0 days 01:54:05,,SUCCESS,FETCHED_CARRIER_SCAC; LOAD_UPDATED; MAIL_SENT_TO_CARRIER,Y,
2024-11-01,2024-11-01,4303701369,smithfield-foods,HILL BROTHERS TRANSPORTATION INC,ready_to_pickup,,0 days 00:33:24,,SUCCESS,FETCHED_CARRIER_SCAC; LOAD_UPDATED; MAIL_SENT_TO_CARRIER,,
2024-11-01,2024-11-01,4303697287,smithfield-foods,Hirschbach Motor Lines Inc,ready_to_pickup,,0 days 00:18:14,,SUCCESS,FETCHED_CARRIER_SCAC; LOAD_UPDATED; MAIL_SENT_TO_CARRIER,,
2024-11-01,2024-11-01,4303701369,smithfield-foods,HILL BROTHERS TRANSPORTATION INC,ready_to_pickup,,0 days 00:33:24,,SUCCESS,FETCHED_CARRIER_SCAC; LOAD_UPDATED; MAIL_SENT_TO_CARRIER,Y,Y
2024-11-01,2024-11-01,4303565837,smithfield-foods,Hirschbach Motor Lines Inc,ready_to_pickup,,0 days 00:18:22,,SUCCESS,FETCHED_CARRIER_SCAC; LOAD_UPDATED; MAIL_SENT_TO_CARRIER,Y,
2024-11-01,2024-11-01,5000262238,smithfield-foods,Johnson Feed Inc.,ready_to_pickup,,0 days 00:10:24,,SUCCESS,FETCHED_CARRIER_SCAC; LOAD_UPDATED; MAIL_SENT_TO_CARRIER,,
2024-11-01,2024-11-01,4303684440,smithfield-foods,Johnson Feed Inc.,ready_to_pickup,,0 days 00:10:24,,SUCCESS,FETCHED_CARRIER_SCAC; LOAD_UPDATED; MAIL_SENT_TO_CARRIER,,
2024-11-01,2024-11-01,4303705021,smithfield-foods,Prime Inc.,ready_to_pickup,,0 days 00:44:46,,SUCCESS,FETCHED_CARRIER_SCAC; LOAD_UPDATED; MAIL_SENT_TO_CARRIER,Y,
2024-11-01,2024-11-01,4303705137,smithfield-foods,Prime Inc.,ready_to_pickup,,0 days 00:44:45,,SUCCESS,FETCHED_CARRIER_SCAC; LOAD_UPDATED; MAIL_SENT_TO_CARRIER,Y,
2024-11-01,2024-11-01,5000262207,smithfield-foods,Friend Freightways Inc.,ready_to_pickup,,0 days 00:09:43,,SUCCESS,FETCHED_CARRIER_SCAC; LOAD_UPDATED; MAIL_SENT_TO_CARRIER,,
2024-11-01,2024-11-01,5000262212,smithfield-foods,Potter Transport Inc.,ready_to_pickup,,0 days 00:07:48,,SUCCESS,FETCHED_CARRIER_SCAC; LOAD_UPDATED; MAIL_SENT_TO_CARRIER,,
2024-11-01,2024-11-02,5000262262,smithfield-foods,Johnson Feed Inc.,ready_to_pickup,,0 days 22:54:32,,SUCCESS,FETCHED_CARRIER_SCAC; LOAD_UPDATED; MAIL_SENT_TO_CARRIER,Y,
2024-11-01,2024-11-02,5000262262,smithfield-foods,Johnson Feed Inc.,ready_to_pickup,,0 days 22:54:32,,SUCCESS,FETCHED_CARRIER_SCAC; LOAD_UPDATED; MAIL_SENT_TO_CARRIER,Y,Y
2024-11-01,2024-11-01,5000262215,smithfield-foods,Hirschbach Motor Lines Inc,ready_to_pickup,,0 days 01:02:38,,SUCCESS,FETCHED_CARRIER_SCAC; LOAD_UPDATED; MAIL_SENT_TO_CARRIER,Y,
2024-11-01,2024-11-01,5000262213,smithfield-foods,Hirschbach Motor Lines Inc,ready_to_pickup,,0 days 01:02:37,,SUCCESS,FETCHED_CARRIER_SCAC; LOAD_UPDATED; MAIL_SENT_TO_CARRIER,Y,
2024-11-01,2024-11-01,5000262213,smithfield-foods,Hirschbach Motor Lines Inc,ready_to_pickup,,0 days 01:02:37,,SUCCESS,FETCHED_CARRIER_SCAC; LOAD_UPDATED; MAIL_SENT_TO_CARRIER,Y,Y
2024-11-02,2024-11-02,5000262400,smithfield-foods,Potter Transport Inc.,ready_to_pickup,,0 days 01:11:43,,SUCCESS,FETCHED_CARRIER_SCAC; LOAD_UPDATED; MAIL_SENT_TO_CARRIER,Y,
2024-11-02,2024-11-02,5000262289,smithfield-foods,Potter Transport Inc.,ready_to_pickup,,0 days 01:11:41,,SUCCESS,FETCHED_CARRIER_SCAC; LOAD_UPDATED; MAIL_SENT_TO_CARRIER,Y,
2024-11-02,2024-11-02,5000262401,smithfield-foods,Sharkey Transportation,ready_to_pickup,,0 days 01:12:01,,SUCCESS,FETCHED_CARRIER_SCAC; LOAD_UPDATED; MAIL_SENT_TO_CARRIER,Y,Y
2024-11-02,2024-11-02,5000262401,smithfield-foods,Sharkey Transportation,ready_to_pickup,,0 days 01:12:01,,SUCCESS,FETCHED_CARRIER_SCAC; LOAD_UPDATED; MAIL_SENT_TO_CARRIER,Y,
2024-11-02,2024-11-02,5000262377,smithfield-foods,Potter Transport Inc.,ready_to_pickup,,0 days 01:11:43,,SUCCESS,FETCHED_CARRIER_SCAC; LOAD_UPDATED; MAIL_SENT_TO_CARRIER,Y,
2024-11-02,2024-11-02,5000262303,smithfield-foods,Potter Transport Inc.,ready_to_pickup,,0 days 01:11:42,,SUCCESS,FETCHED_CARRIER_SCAC; LOAD_UPDATED; MAIL_SENT_TO_CARRIER,Y,
2024-11-02,2024-11-02,5000262309,smithfield-foods,Sharkey Transportation,ready_to_pickup,,0 days 01:11:58,,SUCCESS,FETCHED_CARRIER_SCAC; LOAD_UPDATED; MAIL_SENT_TO_CARRIER,Y,
2024-11-02,2024-11-02,5000262309,smithfield-foods,Sharkey Transportation,ready_to_pickup,,0 days 01:11:58,,SUCCESS,FETCHED_CARRIER_SCAC; LOAD_UPDATED; MAIL_SENT_TO_CARRIER,Y,Y
2024-11-02,2024-11-02,5000262361,smithfield-foods,Sharkey Transportation,ready_to_pickup,,0 days 01:11:59,,SUCCESS,FETCHED_CARRIER_SCAC; LOAD_UPDATED; MAIL_SENT_TO_CARRIER,Y,Y
2024-11-02,2024-11-02,5000262286,smithfield-foods,Sharkey Transportation,ready_to_pickup,,0 days 01:11:55,,SUCCESS,FETCHED_CARRIER_SCAC; LOAD_UPDATED; MAIL_SENT_TO_CARRIER,Y,
2024-11-02,2024-11-02,5000262361,smithfield-foods,Sharkey Transportation,ready_to_pickup,,0 days 01:11:59,,SUCCESS,FETCHED_CARRIER_SCAC; LOAD_UPDATED; MAIL_SENT_TO_CARRIER,Y,
2024-11-02,2024-11-02,5000262287,smithfield-foods,Sharkey Transportation,ready_to_pickup,,0 days 01:11:56,,SUCCESS,FETCHED_CARRIER_SCAC; LOAD_UPDATED; MAIL_SENT_TO_CARRIER,Y,Y
2024-11-02,2024-11-02,5000262362,smithfield-foods,Sharkey Transportation,ready_to_pickup,,0 days 01:11:59,,SUCCESS,FETCHED_CARRIER_SCAC; LOAD_UPDATED; MAIL_SENT_TO_CARRIER,Y,
2024-11-02,2024-11-02,5000262288,smithfield-foods,Sharkey Transportation,ready_to_pickup,,0 days 01:11:57,,SUCCESS,FETCHED_CARRIER_SCAC; LOAD_UPDATED; MAIL_SENT_TO_CARRIER,Y,
2024-11-02,2024-11-02,5000262287,smithfield-foods,Sharkey Transportation,ready_to_pickup,,0 days 01:11:56,,SUCCESS,FETCHED_CARRIER_SCAC; LOAD_UPDATED; MAIL_SENT_TO_CARRIER,Y,
2024-11-02,2024-11-02,5000262362,smithfield-foods,Sharkey Transportation,ready_to_pickup,,0 days 01:11:59,,SUCCESS,FETCHED_CARRIER_SCAC; LOAD_UPDATED; MAIL_SENT_TO_CARRIER,Y,Y
2024-11-02,2024-11-02,5000262288,smithfield-foods,Sharkey Transportation,ready_to_pickup,,0 days 01:11:57,,SUCCESS,FETCHED_CARRIER_SCAC; LOAD_UPDATED; MAIL_SENT_TO_CARRIER,Y,Y
2024-11-02,,4303708612,smithfield-foods,Armour Eckrich Transportation,ready_to_pickup,,,,SUCCESS,FETCHED_CARRIER_SCAC; LOAD_UPDATED; MAIL_SENT_TO_CARRIER,Y,Y
2024-11-02,2024-11-02,5000262286,smithfield-foods,Sharkey Transportation,ready_to_pickup,,0 days 01:11:55,,SUCCESS,FETCHED_CARRIER_SCAC; LOAD_UPDATED; MAIL_SENT_TO_CARRIER,Y,Y
2024-11-02,2024-11-02,5000262376,smithfield-foods,Sharkey Transportation,ready_to_pickup,,0 days 01:12:00,,SUCCESS,FETCHED_CARRIER_SCAC; LOAD_UPDATED; MAIL_SENT_TO_CARRIER,Y,
2024-11-02,2024-11-02,5000262376,smithfield-foods,Sharkey Transportation,ready_to_pickup,,0 days 01:12:00,,SUCCESS,FETCHED_CARRIER_SCAC; LOAD_UPDATED; MAIL_SENT_TO_CARRIER,Y,Y
2024-11-02,,4303691291,smithfield-foods,Hirschbach Motor Lines Inc,ready_to_pickup,,,,SUCCESS,FETCHED_CARRIER_SCAC; LOAD_UPDATED; MAIL_SENT_TO_CARRIER,Y,Y
2024-11-02,2024-11-02,5000262349,smithfield-foods,Armour Eckrich Transportation,ready_to_pickup,,0 days 01:10:26,,SUCCESS,FETCHED_CARRIER_SCAC; LOAD_UPDATED; MAIL_SENT_TO_CARRIER,Y,
2024-11-02,2024-11-02,5000262347,smithfield-foods,Friend Freightways Inc.,ready_to_pickup,,0 days 01:10:25,,SUCCESS,FETCHED_CARRIER_SCAC; LOAD_UPDATED; MAIL_SENT_TO_CARRIER,Y,
2024-11-02,2024-11-02,5000262347,smithfield-foods,Friend Freightways Inc.,ready_to_pickup,,0 days 01:10:25,,SUCCESS,FETCHED_CARRIER_SCAC; LOAD_UPDATED; MAIL_SENT_TO_CARRIER,Y,Y
2024-11-02,2024-11-02,5000262345,smithfield-foods,Potter Transport Inc.,ready_to_pickup,,0 days 01:11:08,,SUCCESS,FETCHED_CARRIER_SCAC; LOAD_UPDATED; MAIL_SENT_TO_CARRIER,Y,
2024-11-02,2024-11-02,5000262349,smithfield-foods,Armour Eckrich Transportation,ready_to_pickup,,0 days 01:10:26,,SUCCESS,FETCHED_CARRIER_SCAC; LOAD_UPDATED; MAIL_SENT_TO_CARRIER,Y,Y
2024-11-02,2024-11-02,5000262351,smithfield-foods,Hirschbach Motor Lines Inc,ready_to_pickup,,0 days 01:10:40,,SUCCESS,FETCHED_CARRIER_SCAC; LOAD_UPDATED; MAIL_SENT_TO_CARRIER,Y,Y
2024-11-02,2024-11-02,5000262341,smithfield-foods,Buhr's Trucking,ready_to_pickup,,0 days 01:10:02,,SUCCESS,FETCHED_CARRIER_SCAC; LOAD_UPDATED; MAIL_SENT_TO_CARRIER,Y,Y
2024-11-02,2024-11-04,4303705697,smithfield-foods,Hirschbach Motor Lines Inc,ready_to_pickup,,2 days 03:46:09,,SUCCESS,FETCHED_CARRIER_SCAC; LOAD_UPDATED; MAIL_SENT_TO_CARRIER,Y,
2024-11-02,2024-11-02,5000262351,smithfield-foods,Hirschbach Motor Lines Inc,ready_to_pickup,,0 days 01:10:40,,SUCCESS,FETCHED_CARRIER_SCAC; LOAD_UPDATED; MAIL_SENT_TO_CARRIER,Y,
2024-11-02,2024-11-02,5000262341,smithfield-foods,Buhr's Trucking,ready_to_pickup,,0 days 01:10:02,,SUCCESS,FETCHED_CARRIER_SCAC; LOAD_UPDATED; MAIL_SENT_TO_CARRIER,Y,
2024-11-02,2024-11-02,4303702220,smithfield-foods,Armour Eckrich Transportation,ready_to_pickup,,0 days 01:10:22,,SUCCESS,FETCHED_CARRIER_SCAC; LOAD_UPDATED; MAIL_SENT_TO_CARRIER,Y,
2024-11-02,2024-11-02,5000262390,smithfield-foods,Potter Transport Inc.,ready_to_pickup,,0 days 01:11:09,,SUCCESS,FETCHED_CARRIER_SCAC; LOAD_UPDATED; MAIL_SENT_TO_CARRIER,Y,
2024-11-02,2024-11-02,4303655656,smithfield-foods,Prime Inc.,ready_to_pickup,,0 days 01:24:54,,SUCCESS,FETCHED_CARRIER_SCAC; LOAD_UPDATED; MAIL_SENT_TO_CARRIER,Y,
2024-11-02,2024-11-02,4303706527,smithfield-foods,Buhr's Trucking,ready_to_pickup,,0 days 01:10:01,,SUCCESS,FETCHED_CARRIER_SCAC; LOAD_UPDATED; MAIL_SENT_TO_CARRIER,Y,
2024-11-02,2024-11-04,4303709423,smithfield-foods,Prime Inc.,ready_to_pickup,,2 days 04:16:00,,SUCCESS,FETCHED_CARRIER_SCAC; LOAD_UPDATED; MAIL_SENT_TO_CARRIER,Y,
2024-11-02,2024-11-04,4303701965,smithfield-foods,Armour Eckrich Transportation,ready_to_pickup,,2 days 04:15:05,,SUCCESS,FETCHED_CARRIER_SCAC; LOAD_UPDATED; MAIL_SENT_TO_CARRIER,Y,
2024-11-02,2024-11-04,4303710951,smithfield-foods,Hirschbach Motor Lines Inc,ready_to_pickup,,2 days 03:28:03,,SUCCESS,FETCHED_CARRIER_SCAC; LOAD_UPDATED; MAIL_SENT_TO_CARRIER,Y,
2024-11-02,,4303697236,smithfield-foods,Johnson Feed Inc.,ready_to_pickup,,,,SUCCESS,FETCHED_CARRIER_SCAC; LOAD_UPDATED; MAIL_SENT_TO_CARRIER,Y,Y
2024-11-02,,4303706149,smithfield-foods,Raider Express Inc.,ready_to_pickup,,,,SUCCESS,FETCHED_CARRIER_SCAC; LOAD_UPDATED; MAIL_SENT_TO_CARRIER,Y,Y
2024-11-02,2024-11-04,4303707747,smithfield-foods,WINDWALKER TRANSPORTATION INC,ready_to_pickup,,2 days 03:14:48,,SUCCESS,FETCHED_CARRIER_SCAC; LOAD_UPDATED; MAIL_SENT_TO_CARRIER,Y,
2024-11-02,,4303705352,smithfield-foods,Johnson Feed Inc.,ready_to_pickup,,,,SUCCESS,FETCHED_CARRIER_SCAC; LOAD_UPDATED; MAIL_SENT_TO_CARRIER,Y,Y
2024-11-02,2024-11-02,4303705980,smithfield-foods,Hirschbach Motor Lines Inc,ready_to_pickup,,0 days 01:04:37,,SUCCESS,FETCHED_CARRIER_SCAC; LOAD_UPDATED; MAIL_SENT_TO_CARRIER,Y,
2024-11-02,,4303705477,smithfield-foods,Raider Express Inc.,ready_to_pickup,,,,SUCCESS,FETCHED_CARRIER_SCAC; LOAD_UPDATED; MAIL_SENT_TO_CARRIER,Y,Y
2024-11-02,2024-11-02,4303707826,smithfield-foods,Hirschbach Motor Lines Inc,ready_to_pickup,,0 days 01:51:36,,SUCCESS,FETCHED_CARRIER_SCAC; LOAD_UPDATED; MAIL_SENT_TO_CARRIER,Y,
2024-11-02,2024-11-04,4303684479,smithfield-foods,Raider Express Inc.,ready_to_pickup,,2 days 03:58:50,,SUCCESS,FETCHED_CARRIER_SCAC; LOAD_UPDATED; MAIL_SENT_TO_CARRIER,Y,
2024-11-02,2024-11-02,5000260912,smithfield-foods,Heyl Truck Lines,ready_to_pickup,,0 days 01:02:18,,SUCCESS,FETCHED_CARRIER_SCAC; LOAD_UPDATED; MAIL_SENT_TO_CARRIER,Y,
2024-11-02,2024-11-02,5000262356,smithfield-foods,Potter Transport Inc.,ready_to_pickup,,0 days 00:06:11,,SUCCESS,FETCHED_CARRIER_SCAC; LOAD_UPDATED; MAIL_SENT_TO_CARRIER,,
2024-11-02,2024-11-04,4303706040,smithfield-foods,Hirschbach Motor Lines Inc,ready_to_pickup,,2 days 03:58:03,,SUCCESS,FETCHED_CARRIER_SCAC; LOAD_UPDATED; MAIL_SENT_TO_CARRIER,Y,
2024-11-02,2024-11-04,4303684586,smithfield-foods,Johnson Feed Inc.,ready_to_pickup,,2 days 03:56:53,,SUCCESS,FETCHED_CARRIER_SCAC; LOAD_UPDATED; MAIL_SENT_TO_CARRIER,Y,
2024-11-02,2024-11-02,4303705963,smithfield-foods,HILL BROTHERS TRANSPORTATION INC,ready_to_pickup,,0 days 00:41:34,,SUCCESS,FETCHED_CARRIER_SCAC; LOAD_UPDATED; MAIL_SENT_TO_CARRIER,Y,Y
2024-11-02,2024-11-02,5000262328,smithfield-foods,Moeller Trucking Inc.,ready_to_pickup,,0 days 01:38:17,,SUCCESS,FETCHED_CARRIER_SCAC; LOAD_UPDATED; MAIL_SENT_TO_CARRIER,Y,
2024-11-02,2024-11-02,4303704670,smithfield-foods,Hirschbach Motor Lines Inc,ready_to_pickup,,0 days 01:51:49,,SUCCESS,FETCHED_CARRIER_SCAC; LOAD_UPDATED; MAIL_SENT_TO_CARRIER,Y,
2024-11-02,2024-11-02,4303705963,smithfield-foods,HILL BROTHERS TRANSPORTATION INC,ready_to_pickup,,0 days 00:41:34,,SUCCESS,FETCHED_CARRIER_SCAC; LOAD_UPDATED; MAIL_SENT_TO_CARRIER,Y,
2024-11-02,2024-11-02,4303706111,smithfield-foods,Hirschbach Motor Lines Inc,ready_to_pickup,,0 days 01:51:51,,SUCCESS,FETCHED_CARRIER_SCAC; LOAD_UPDATED; MAIL_SENT_TO_CARRIER,Y,
2024-11-03,,4303710005,smithfield-foods,Prime Inc.,ready_to_pickup,,,,SUCCESS,FETCHED_CARRIER_SCAC; LOAD_UPDATED; MAIL_SENT_TO_CARRIER,Y,Y
2024-11-03,2024-11-04,5000262440,smithfield-foods,Johnson Feed Inc.,ready_to_pickup,,1 days 03:01:02,,SUCCESS,FETCHED_CARRIER_SCAC; LOAD_UPDATED; MAIL_SENT_TO_CARRIER,Y,
2024-11-03,2024-11-04,4303705713,smithfield-foods,Hirschbach Motor Lines Inc,ready_to_pickup,,1 days 02:26:35,,SUCCESS,FETCHED_CARRIER_SCAC; LOAD_UPDATED; MAIL_SENT_TO_CARRIER,Y,
2024-11-03,2024-11-04,5000262440,smithfield-foods,Johnson Feed Inc.,ready_to_pickup,,1 days 03:01:02,,SUCCESS,FETCHED_CARRIER_SCAC; LOAD_UPDATED; MAIL_SENT_TO_CARRIER,Y,Y
2024-11-03,2024-11-04,5000262439,smithfield-foods,Buhr's Trucking,ready_to_pickup,,1 days 03:00:05,,SUCCESS,FETCHED_CARRIER_SCAC; LOAD_UPDATED; MAIL_SENT_TO_CARRIER,Y,
2024-11-03,2024-11-04,5000262439,smithfield-foods,Buhr's Trucking,ready_to_pickup,,1 days 03:00:05,,SUCCESS,FETCHED_CARRIER_SCAC; LOAD_UPDATED; MAIL_SENT_TO_CARRIER,Y,Y
2024-11-03,2024-11-04,4303705888,smithfield-foods,Hirschbach Motor Lines Inc,ready_to_pickup,,1 days 02:26:36,,SUCCESS,FETCHED_CARRIER_SCAC; LOAD_UPDATED; MAIL_SENT_TO_CARRIER,Y,
2024-11-03,2024-11-03,5000262424,smithfield-foods,Potter Transport Inc.,ready_to_pickup,,0 days 01:54:24,,SUCCESS,FETCHED_CARRIER_SCAC; LOAD_UPDATED; MAIL_SENT_TO_CARRIER,Y,
2024-11-03,2024-11-06,4303697755,smithfield-foods,Prime Inc.,ready_to_pickup,,3 days 04:17:14,,SUCCESS,FETCHED_CARRIER_SCAC; LOAD_UPDATED; MAIL_SENT_TO_CARRIER,,
2024-11-04,,4303699785,smithfield-foods,John J. Jerue Truck Broker Inc.,ready_to_pickup,,,,SUCCESS,LOAD_UPDATED,,
2024-11-04,2024-11-04,4303701823,smithfield-foods,Armour Eckrich Transportation,ready_to_pickup,,0 days 01:28:48,,SUCCESS,FETCHED_CARRIER_SCAC; LOAD_UPDATED; MAIL_SENT_TO_CARRIER,Y,
2024-11-04,2024-11-04,4303646194,smithfield-foods,Hirschbach Motor Lines Inc,ready_to_pickup,,0 days 00:12:12,,SUCCESS,FETCHED_CARRIER_SCAC; LOAD_UPDATED; MAIL_SENT_TO_CARRIER,,
2024-11-04,,4303668083,smithfield-foods,John J. Jerue Truck Broker Inc.,ready_to_pickup,,,,SUCCESS,FETCHED_CARRIER_SCAC; LOAD_UPDATED; MAIL_SENT_TO_CARRIER,Y,Y
2024-11-04,2024-11-04,4303697741,smithfield-foods,Armour Eckrich Transportation,ready_to_pickup,,0 days 01:28:50,,SUCCESS,FETCHED_CARRIER_SCAC; LOAD_UPDATED; MAIL_SENT_TO_CARRIER,Y,Y
2024-11-04,2024-11-04,4303707709,smithfield-foods,Hirschbach Motor Lines Inc,ready_to_pickup,,0 days 01:24:06,,SUCCESS,FETCHED_CARRIER_SCAC; LOAD_UPDATED; MAIL_SENT_TO_CARRIER,Y,
2024-11-04,2024-11-04,4303707563,smithfield-foods,Hirschbach Motor Lines Inc,ready_to_pickup,,0 days 01:24:05,,SUCCESS,FETCHED_CARRIER_SCAC; LOAD_UPDATED; MAIL_SENT_TO_CARRIER,Y,
2024-11-04,2024-11-04,4303706039,smithfield-foods,Hirschbach Motor Lines Inc,ready_to_pickup,,0 days 01:24:04,,SUCCESS,FETCHED_CARRIER_SCAC; LOAD_UPDATED; MAIL_SENT_TO_CARRIER,Y,
2024-11-04,,4303702249,smithfield-foods,Raider Express Inc.,ready_to_pickup,,,,SUCCESS,FETCHED_CARRIER_SCAC; LOAD_UPDATED; MAIL_SENT_TO_CARRIER,Y,Y
2024-11-04,,4303705197,smithfield-foods,Johnson Feed Inc.,ready_to_pickup,,,,SUCCESS,FETCHED_CARRIER_SCAC; LOAD_UPDATED; MAIL_SENT_TO_CARRIER,Y,Y
2024-11-04,2024-11-04,4303712024,smithfield-foods,Larsen Logistics,ready_to_pickup,,0 days 00:47:53,,SUCCESS,FETCHED_CARRIER_SCAC; LOAD_UPDATED; MAIL_SENT_TO_CARRIER,Y,
2024-11-04,,4303597371,smithfield-foods,Bennett Trucking,ready_to_pickup,,,,SUCCESS,FETCHED_CARRIER_SCAC; LOAD_UPDATED; MAIL_SENT_TO_CARRIER,Y,Y
2024-11-04,,4303702522,smithfield-foods,Bennett Trucking,ready_to_pickup,,,,SUCCESS,FETCHED_CARRIER_SCAC; LOAD_UPDATED; MAIL_SENT_TO_CARRIER,Y,Y
2024-11-04,2024-11-04,4303700451,smithfield-foods,WINDWALKER TRANSPORTATION INC,ready_to_pickup,,0 days 00:34:48,,SUCCESS,FETCHED_CARRIER_SCAC; LOAD_UPDATED; MAIL_SENT_TO_CARRIER,Y,
2024-11-04,2024-11-04,4303706332,smithfield-foods,Hirschbach Motor Lines Inc,ready_to_pickup,,0 days 00:48:05,,SUCCESS,FETCHED_CARRIER_SCAC; LOAD_UPDATED; MAIL_SENT_TO_CARRIER,Y,
2024-11-04,2024-11-04,4303706815,smithfield-foods,ST Freight LLC,ready_to_pickup,,0 days 00:38:47,,SUCCESS,FETCHED_CARRIER_SCAC; LOAD_UPDATED; MAIL_SENT_TO_CARRIER,Y,
2024-11-04,,4303697756,smithfield-foods,Johnson Feed Inc.,ready_to_pickup,,,,SUCCESS,FETCHED_CARRIER_SCAC; LOAD_UPDATED; MAIL_SENT_TO_CARRIER,Y,Y
2024-11-04,2024-11-04,4303672977,smithfield-foods,ST Freight LLC,ready_to_pickup,,0 days 00:38:45,,SUCCESS,FETCHED_CARRIER_SCAC; LOAD_UPDATED; MAIL_SENT_TO_CARRIER,Y,
2024-11-04,2024-11-04,4303710737,smithfield-foods,Stevens Transport,ready_to_pickup,,0 days 00:37:13,,SUCCESS,FETCHED_CARRIER_SCAC; LOAD_UPDATED; MAIL_SENT_TO_CARRIER,Y,
2024-11-05,,4303714221,smithfield-foods,Western Provisions,ready_to_pickup,,,,SUCCESS,LOAD_UPDATED,,
2024-11-05,2024-11-05,4303697750,smithfield-foods,WINDWALKER TRANSPORTATION INC,ready_to_pickup,,0 days 00:04:00,,SUCCESS,FETCHED_CARRIER_SCAC; LOAD_UPDATED; MAIL_SENT_TO_CARRIER,,
2024-11-05,,4303702550,smithfield-foods,Raider Express Inc.,ready_to_pickup,,,,SUCCESS,FETCHED_CARRIER_SCAC; LOAD_UPDATED; MAIL_SENT_TO_CARRIER,Y,Y
2024-11-05,2024-11-05,4303706900,smithfield-foods,Stevens Transport,ready_to_pickup,,0 days 00:11:33,,SUCCESS,FETCHED_CARRIER_SCAC; LOAD_UPDATED; MAIL_SENT_TO_CARRIER,,
2024-11-05,2024-11-05,4303707674,smithfield-foods,Dakota Carriers Inc,ready_to_pickup,,0 days 00:02:23,,SUCCESS,FETCHED_CARRIER_SCAC; LOAD_UPDATED; MAIL_SENT_TO_CARRIER,,
2024-11-05,2024-11-05,4303697641,smithfield-foods,WINDWALKER TRANSPORTATION INC,ready_to_pickup,,0 days 00:03:59,,SUCCESS,FETCHED_CARRIER_SCAC; LOAD_UPDATED; MAIL_SENT_TO_CARRIER,Y,Y
2024-11-05,2024-11-05,4303707736,smithfield-foods,Dakota Carriers Inc,ready_to_pickup,,0 days 00:02:25,,SUCCESS,FETCHED_CARRIER_SCAC; LOAD_UPDATED; MAIL_SENT_TO_CARRIER,,
2024-11-05,2024-11-05,4303697576,smithfield-foods,Hirschbach Motor Lines Inc,ready_to_pickup,,0 days 00:05:31,,SUCCESS,FETCHED_CARRIER_SCAC; LOAD_UPDATED; MAIL_SENT_TO_CARRIER,,
2024-11-05,2024-11-05,4303697499,smithfield-foods,Hirschbach Motor Lines Inc,ready_to_pickup,,0 days 00:05:30,,SUCCESS,FETCHED_CARRIER_SCAC; LOAD_UPDATED; MAIL_SENT_TO_CARRIER,,
2024-11-05,2024-11-05,4303697248,smithfield-foods,Hirschbach Motor Lines Inc,ready_to_pickup,,0 days 00:05:28,,SUCCESS,FETCHED_CARRIER_SCAC; LOAD_UPDATED; MAIL_SENT_TO_CARRIER,,
2024-11-05,,4303706823,smithfield-foods,TransAm Trucking Inc,ready_to_pickup,,,,SUCCESS,FETCHED_CARRIER_SCAC; LOAD_UPDATED; MAIL_SENT_TO_CARRIER,,
2024-11-05,2024-11-05,4303705377,smithfield-foods,WINDWALKER TRANSPORTATION INC,ready_to_pickup,,0 days 00:04:00,,SUCCESS,FETCHED_CARRIER_SCAC; LOAD_UPDATED; MAIL_SENT_TO_CARRIER,,
2024-11-05,2024-11-05,4303697641,smithfield-foods,WINDWALKER TRANSPORTATION INC,ready_to_pickup,,0 days 00:03:59,,SUCCESS,FETCHED_CARRIER_SCAC; LOAD_UPDATED; MAIL_SENT_TO_CARRIER,,
2024-11-05,2024-11-05,4303697745,smithfield-foods,Johnson Feed Inc.,ready_to_pickup,,0 days 00:21:24,,SUCCESS,FETCHED_CARRIER_SCAC; LOAD_UPDATED; MAIL_SENT_TO_CARRIER,,
2024-11-05,2024-11-05,4303708277,smithfield-foods,WINDWALKER TRANSPORTATION INC,ready_to_pickup,,0 days 00:04:01,,SUCCESS,FETCHED_CARRIER_SCAC; LOAD_UPDATED; MAIL_SENT_TO_CARRIER,,
2024-11-05,,4303702427,smithfield-foods,Bennett Trucking,ready_to_pickup,,,,SUCCESS,FETCHED_CARRIER_SCAC; LOAD_UPDATED; MAIL_SENT_TO_CARRIER,Y,Y
2024-11-05,2024-11-05,4303702565,smithfield-foods,Stevens Transport,ready_to_pickup,,0 days 00:08:14,,SUCCESS,FETCHED_CARRIER_SCAC; LOAD_UPDATED; MAIL_SENT_TO_CARRIER,,
2024-11-05,2024-11-05,4303684473,smithfield-foods,Sharkey Transportation,ready_to_pickup,,0 days 00:03:49,,SUCCESS,FETCHED_CARRIER_SCAC; LOAD_UPDATED; MAIL_SENT_TO_CARRIER,,
2024-11-05,2024-11-05,5000262295,smithfield-foods,Sharkey Transportation,ready_to_pickup,,0 days 00:03:52,,SUCCESS,FETCHED_CARRIER_SCAC; LOAD_UPDATED; MAIL_SENT_TO_CARRIER,,
2024-11-05,2024-11-05,4303702531,smithfield-foods,Stevens Transport,ready_to_pickup,,0 days 00:08:09,,SUCCESS,FETCHED_CARRIER_SCAC; LOAD_UPDATED; MAIL_SENT_TO_CARRIER,,
2024-11-05,2024-11-05,4303692159,smithfield-foods,Raider Express Inc.,ready_to_pickup,,0 days 00:33:10,,SUCCESS,FETCHED_CARRIER_SCAC; LOAD_UPDATED; MAIL_SENT_TO_CARRIER,Y,
2024-11-05,,4303711028,smithfield-foods,Armour Eckrich Transportation,ready_to_pickup,,,,SUCCESS,FETCHED_CARRIER_SCAC; LOAD_UPDATED; MAIL_SENT_TO_CARRIER,Y,Y
2024-11-05,2024-11-05,5000262452,smithfield-foods,Sharkey Transportation,ready_to_pickup,,0 days 00:03:53,,SUCCESS,FETCHED_CARRIER_SCAC; LOAD_UPDATED; MAIL_SENT_TO_CARRIER,,
2024-11-05,2024-11-05,5000262456,smithfield-foods,Sharkey Transportation,ready_to_pickup,,0 days 00:03:53,,SUCCESS,FETCHED_CARRIER_SCAC; LOAD_UPDATED; MAIL_SENT_TO_CARRIER,,
2024-11-05,2024-11-05,4303702547,smithfield-foods,Hirschbach Motor Lines Inc,ready_to_pickup,,0 days 00:45:16,,SUCCESS,FETCHED_CARRIER_SCAC; LOAD_UPDATED; MAIL_SENT_TO_CARRIER,Y,
2024-11-05,2024-11-05,4303702443,smithfield-foods,Hirschbach Motor Lines Inc,ready_to_pickup,,0 days 00:45:18,,SUCCESS,FETCHED_CARRIER_SCAC; LOAD_UPDATED; MAIL_SENT_TO_CARRIER,Y,
2024-11-05,,4303703921,smithfield-foods,Johnson Feed Inc.,ready_to_pickup,,,,SUCCESS,FETCHED_CARRIER_SCAC; LOAD_UPDATED; MAIL_SENT_TO_CARRIER,Y,Y
2024-11-05,,4303703931,smithfield-foods,Lazer Spot,ready_to_pickup,,,,SUCCESS,FETCHED_CARRIER_SCAC; LOAD_UPDATED; MAIL_SENT_TO_CARRIER,Y,Y
2024-11-05,2024-11-05,4303703918,smithfield-foods,Hirschbach Motor Lines Inc,ready_to_pickup,,0 days 01:10:06,,SUCCESS,FETCHED_CARRIER_SCAC; LOAD_UPDATED; MAIL_SENT_TO_CARRIER,Y,
2024-11-05,2024-11-05,4303704338,smithfield-foods,Hirschbach Motor Lines Inc,ready_to_pickup,,0 days 01:10:08,,SUCCESS,FETCHED_CARRIER_SCAC; LOAD_UPDATED; MAIL_SENT_TO_CARRIER,Y,
2024-11-05,2024-11-05,4303704344,smithfield-foods,Hirschbach Motor Lines Inc,ready_to_pickup,,0 days 00:32:14,,SUCCESS,FETCHED_CARRIER_SCAC; LOAD_UPDATED; MAIL_SENT_TO_CARRIER,,
2024-11-05,2024-11-05,4303704343,smithfield-foods,Hirschbach Motor Lines Inc,ready_to_pickup,,0 days 01:10:09,,SUCCESS,FETCHED_CARRIER_SCAC; LOAD_UPDATED; MAIL_SENT_TO_CARRIER,Y,
2024-11-05,2024-11-05,4303704342,smithfield-foods,Hirschbach Motor Lines Inc,ready_to_pickup,,0 days 00:32:13,,SUCCESS,FETCHED_CARRIER_SCAC; LOAD_UPDATED; MAIL_SENT_TO_CARRIER,,
2024-11-06,,4303705570,smithfield-foods,Prime Inc.,ready_to_pickup,,,,SUCCESS,FETCHED_CARRIER_SCAC; LOAD_UPDATED; MAIL_SENT_TO_CARRIER,Y,Y
2024-11-06,2024-11-06,4303696431,smithfield-foods,Angulo Transportation Services LLC,ready_to_pickup,,0 days 00:26:37,,SUCCESS,FETCHED_CARRIER_SCAC; LOAD_UPDATED; MAIL_SENT_TO_CARRIER,,
2024-11-06,2024-11-06,4303701075,smithfield-foods,Angulo Transportation Services LLC,ready_to_pickup,,0 days 00:49:16,,SUCCESS,FETCHED_CARRIER_SCAC; LOAD_UPDATED; MAIL_SENT_TO_CARRIER,Y,
2024-11-06,,4303711102,smithfield-foods,Prime Inc.,ready_to_pickup,,,,SUCCESS,FETCHED_CARRIER_SCAC; LOAD_UPDATED; MAIL_SENT_TO_CARRIER,Y,Y
2024-11-06,,4303701828,smithfield-foods,Armour Eckrich Transportation,ready_to_pickup,,,,SUCCESS,FETCHED_CARRIER_SCAC; LOAD_UPDATED; MAIL_SENT_TO_CARRIER,Y,Y
2024-11-06,,4303711667,smithfield-foods,Armour Eckrich Transportation,ready_to_pickup,,,,SUCCESS,FETCHED_CARRIER_SCAC; LOAD_UPDATED; MAIL_SENT_TO_CARRIER,Y,Y
2024-11-06,,4303709426,smithfield-foods,Armour Eckrich Transportation,ready_to_pickup,,,,SUCCESS,FETCHED_CARRIER_SCAC; LOAD_UPDATED; MAIL_SENT_TO_CARRIER,Y,Y
2024-11-06,2024-11-06,4303702238,smithfield-foods,Hirschbach Motor Lines Inc,ready_to_pickup,,0 days 01:14:06,,SUCCESS,FETCHED_CARRIER_SCAC; LOAD_UPDATED; MAIL_SENT_TO_CARRIER,Y,
2024-11-06,,4303713340,smithfield-foods,Armour Eckrich Transportation,ready_to_pickup,,,,SUCCESS,FETCHED_CARRIER_SCAC; LOAD_UPDATED; MAIL_SENT_TO_CARRIER,Y,Y
2024-11-06,,4303701860,smithfield-foods,Pro Transport and Leasing,ready_to_pickup,,,,SUCCESS,FETCHED_CARRIER_SCAC; LOAD_UPDATED; MAIL_SENT_TO_CARRIER,Y,Y
2024-11-06,2024-11-06,4303706397,smithfield-foods,Friend Freightways Inc.,ready_to_pickup,,0 days 00:05:27,,SUCCESS,FETCHED_CARRIER_SCAC; LOAD_UPDATED; MAIL_SENT_TO_CARRIER,,
2024-11-06,,4303706368,smithfield-foods,Buhr's Trucking,ready_to_pickup,,,,SUCCESS,FETCHED_CARRIER_SCAC; LOAD_UPDATED; MAIL_SENT_TO_CARRIER,Y,Y
2024-11-06,2024-11-06,4303706019,smithfield-foods,Hirschbach Motor Lines Inc,ready_to_pickup,,0 days 00:02:31,,SUCCESS,FETCHED_CARRIER_SCAC; LOAD_UPDATED; MAIL_SENT_TO_CARRIER,Y,
2024-11-06,2024-11-06,4303702270,smithfield-foods,Armour Eckrich Transportation,ready_to_pickup,,0 days 00:28:17,,SUCCESS,FETCHED_CARRIER_SCAC; LOAD_UPDATED; MAIL_SENT_TO_CARRIER,Y,
2024-11-06,2024-11-06,4303701796,smithfield-foods,Buhr's Trucking,ready_to_pickup,,0 days 01:35:12,,SUCCESS,FETCHED_CARRIER_SCAC; LOAD_UPDATED; MAIL_SENT_TO_CARRIER,Y,Y
2024-11-06,2024-11-06,4303701796,smithfield-foods,Buhr's Trucking,ready_to_pickup,,0 days 01:35:12,,SUCCESS,FETCHED_CARRIER_SCAC; LOAD_UPDATED; MAIL_SENT_TO_CARRIER,Y,
2024-11-06,2024-11-06,5000262621,smithfield-foods,Armour Eckrich Transportation,ready_to_pickup,,0 days 00:28:18,,SUCCESS,FETCHED_CARRIER_SCAC; LOAD_UPDATED; MAIL_SENT_TO_CARRIER,,
2024-11-06,,4303709084,smithfield-foods,Buhr's Trucking,ready_to_pickup,,,,SUCCESS,FETCHED_CARRIER_SCAC; LOAD_UPDATED; MAIL_SENT_TO_CARRIER,Y,Y
2024-11-06,2024-11-06,5000262513,smithfield-foods,Buhr's Trucking,ready_to_pickup,,0 days 01:35:16,,SUCCESS,FETCHED_CARRIER_SCAC; LOAD_UPDATED; MAIL_SENT_TO_CARRIER,Y,Y
2024-11-06,2024-11-06,5000262601,smithfield-foods,Johnson Feed Inc.,ready_to_pickup,,0 days 00:04:43,,SUCCESS,FETCHED_CARRIER_SCAC; LOAD_UPDATED; MAIL_SENT_TO_CARRIER,,
2024-11-06,2024-11-06,5000262548,smithfield-foods,Friend Freightways Inc.,ready_to_pickup,,0 days 00:05:27,,SUCCESS,FETCHED_CARRIER_SCAC; LOAD_UPDATED; MAIL_SENT_TO_CARRIER,,
2024-11-06,2024-11-06,5000262610,smithfield-foods,Johnson Feed Inc.,ready_to_pickup,,0 days 00:04:44,,SUCCESS,FETCHED_CARRIER_SCAC; LOAD_UPDATED; MAIL_SENT_TO_CARRIER,,
2024-11-06,2024-11-06,5000262513,smithfield-foods,Buhr's Trucking,ready_to_pickup,,0 days 01:35:16,,SUCCESS,FETCHED_CARRIER_SCAC; LOAD_UPDATED; MAIL_SENT_TO_CARRIER,Y,
2024-11-06,2024-11-06,4303702305,smithfield-foods,Johnson Feed Inc.,ready_to_pickup,,0 days 00:04:43,,SUCCESS,FETCHED_CARRIER_SCAC; LOAD_UPDATED; MAIL_SENT_TO_CARRIER,,
2024-11-06,,5000262620,smithfield-foods,Buhr's Trucking,ready_to_pickup,,,,SUCCESS,FETCHED_CARRIER_SCAC; LOAD_UPDATED; MAIL_SENT_TO_CARRIER,Y,Y
2024-11-06,,4303704908,smithfield-foods,Raider Express Inc.,ready_to_pickup,,,,SUCCESS,FETCHED_CARRIER_SCAC; LOAD_UPDATED; MAIL_SENT_TO_CARRIER,Y,Y
2024-11-06,2024-11-06,4303705955,smithfield-foods,Hirschbach Motor Lines Inc,ready_to_pickup,,0 days 00:02:30,,SUCCESS,FETCHED_CARRIER_SCAC; LOAD_UPDATED; MAIL_SENT_TO_CARRIER,,
2024-11-06,2024-11-06,5000262581,smithfield-foods,Friend Freightways Inc.,ready_to_pickup,,0 days 00:05:28,,SUCCESS,FETCHED_CARRIER_SCAC; LOAD_UPDATED; MAIL_SENT_TO_CARRIER,,
2024-11-06,2024-11-06,4303713737,smithfield-foods,Stevens Transport,ready_to_pickup,,0 days 00:04:16,,SUCCESS,FETCHED_CARRIER_SCAC; LOAD_UPDATED; MAIL_SENT_TO_CARRIER,,
2024-11-06,2024-11-06,4303713366,smithfield-foods,Johnson Feed Inc.,ready_to_pickup,,0 days 00:05:06,,SUCCESS,FETCHED_CARRIER_SCAC; LOAD_UPDATED; MAIL_SENT_TO_CARRIER,,
2024-11-06,2024-11-06,4303711770,smithfield-foods,Hirschbach Motor Lines Inc,ready_to_pickup,,0 days 00:08:14,,SUCCESS,FETCHED_CARRIER_SCAC; LOAD_UPDATED; MAIL_SENT_TO_CARRIER,,
2024-11-06,2024-11-06,4303702097,smithfield-foods,K and B Transportation Inc.,ready_to_pickup,,0 days 00:04:13,,SUCCESS,FETCHED_CARRIER_SCAC; LOAD_UPDATED; MAIL_SENT_TO_CARRIER,,
2024-11-06,,4303702008,smithfield-foods,Raider Express Inc.,ready_to_pickup,,,,SUCCESS,FETCHED_CARRIER_SCAC; LOAD_UPDATED; MAIL_SENT_TO_CARRIER,Y,Y
2024-11-06,2024-11-06,4303708276,smithfield-foods,Hirschbach Motor Lines Inc,ready_to_pickup,,0 days 00:08:13,,SUCCESS,FETCHED_CARRIER_SCAC; LOAD_UPDATED; MAIL_SENT_TO_CARRIER,,
2024-11-06,2024-11-06,4303712644,smithfield-foods,Johnson Feed Inc.,ready_to_pickup,,0 days 00:05:04,,SUCCESS,FETCHED_CARRIER_SCAC; LOAD_UPDATED; MAIL_SENT_TO_CARRIER,,
2024-11-06,2024-11-06,4303708057,smithfield-foods,Bennett Trucking,ready_to_pickup,,0 days 00:48:59,,SUCCESS,FETCHED_CARRIER_SCAC; LOAD_UPDATED; MAIL_SENT_TO_CARRIER,Y,
2024-11-06,2024-11-06,4303714061,smithfield-foods,Johnson Feed Inc.,ready_to_pickup,,0 days 00:05:08,,SUCCESS,FETCHED_CARRIER_SCAC; LOAD_UPDATED; MAIL_SENT_TO_CARRIER,,
2024-11-06,,4303697645,smithfield-foods,WINDWALKER TRANSPORTATION INC,ready_to_pickup,,,,SUCCESS,FETCHED_CARRIER_SCAC; LOAD_UPDATED; MAIL_SENT_TO_CARRIER,Y,Y
2024-11-06,2024-11-06,4303697803,smithfield-foods,TransAm Trucking Inc,ready_to_pickup,,0 days 01:27:49,,SUCCESS,FETCHED_CARRIER_SCAC; LOAD_UPDATED; MAIL_SENT_TO_CARRIER,Y,
2024-11-06,,4303709953,smithfield-foods,Raider Express Inc.,ready_to_pickup,,,,SUCCESS,FETCHED_CARRIER_SCAC; LOAD_UPDATED; MAIL_SENT_TO_CARRIER,Y,Y
2024-11-06,2024-11-06,4303706825,smithfield-foods,TransAm Trucking Inc,ready_to_pickup,,0 days 01:27:50,,SUCCESS,FETCHED_CARRIER_SCAC; LOAD_UPDATED; MAIL_SENT_TO_CARRIER,Y,
2024-11-06,2024-11-06,4303710125,smithfield-foods,Armour Eckrich Transportation,ready_to_pickup,,0 days 00:13:49,,SUCCESS,FETCHED_CARRIER_SCAC; LOAD_UPDATED; MAIL_SENT_TO_CARRIER,,
2024-11-06,2024-11-06,4303706719,smithfield-foods,Heyl Truck Lines,ready_to_pickup,,0 days 00:54:48,,SUCCESS,FETCHED_CARRIER_SCAC; LOAD_UPDATED; MAIL_SENT_TO_CARRIER,Y,
2024-11-06,2024-11-06,4303684593,smithfield-foods,Raider Express Inc.,ready_to_pickup,,0 days 00:52:47,,SUCCESS,FETCHED_CARRIER_SCAC; LOAD_UPDATED; MAIL_SENT_TO_CARRIER,Y,Y
2024-11-06,2024-11-06,4303702551,smithfield-foods,Armour Eckrich Transportation,ready_to_pickup,,0 days 00:11:40,,SUCCESS,FETCHED_CARRIER_SCAC; LOAD_UPDATED; MAIL_SENT_TO_CARRIER,,
2024-11-06,,4303660989,smithfield-foods,Prime Inc.,ready_to_pickup,,,,SUCCESS,FETCHED_CARRIER_SCAC; LOAD_UPDATED; MAIL_SENT_TO_CARRIER,Y,Y
2024-11-06,2024-11-06,4303702495,smithfield-foods,Armour Eckrich Transportation,ready_to_pickup,,0 days 00:11:39,,SUCCESS,FETCHED_CARRIER_SCAC; LOAD_UPDATED; MAIL_SENT_TO_CARRIER,,
2024-11-06,2024-11-06,4303684591,smithfield-foods,Hirschbach Motor Lines Inc,ready_to_pickup,,0 days 00:51:55,,SUCCESS,FETCHED_CARRIER_SCAC; LOAD_UPDATED; MAIL_SENT_TO_CARRIER,Y,
2024-11-06,2024-11-06,4303702442,smithfield-foods,Hirschbach Motor Lines Inc,ready_to_pickup,,0 days 00:51:55,,SUCCESS,FETCHED_CARRIER_SCAC; LOAD_UPDATED; MAIL_SENT_TO_CARRIER,Y,
2024-11-06,2024-11-06,5000262539,smithfield-foods,Sharkey Transportation,ready_to_pickup,,0 days 00:35:11,,SUCCESS,FETCHED_CARRIER_SCAC; LOAD_UPDATED; MAIL_SENT_TO_CARRIER,,
2024-11-06,2024-11-06,4303704289,smithfield-foods,Raider Express Inc.,ready_to_pickup,,0 days 00:52:41,,SUCCESS,FETCHED_CARRIER_SCAC; LOAD_UPDATED; MAIL_SENT_TO_CARRIER,Y,
2024-11-06,2024-11-06,4303706665,smithfield-foods,Raider Express Inc.,ready_to_pickup,,0 days 00:52:49,,SUCCESS,FETCHED_CARRIER_SCAC; LOAD_UPDATED; MAIL_SENT_TO_CARRIER,Y,
2024-11-06,2024-11-06,4303701292,smithfield-foods,Raider Express Inc.,ready_to_pickup,,0 days 00:52:48,,SUCCESS,FETCHED_CARRIER_SCAC; LOAD_UPDATED; MAIL_SENT_TO_CARRIER,Y,
2024-11-06,2024-11-06,4303684593,smithfield-foods,Raider Express Inc.,ready_to_pickup,,0 days 00:52:47,,SUCCESS,FETCHED_CARRIER_SCAC; LOAD_UPDATED; MAIL_SENT_TO_CARRIER,Y,
2024-11-06,,4303680891,smithfield-foods,Prime Inc.,ready_to_pickup,,,,SUCCESS,FETCHED_CARRIER_SCAC; LOAD_UPDATED; MAIL_SENT_TO_CARRIER,Y,Y
2024-11-06,2024-11-06,4303699945,smithfield-foods,Hirschbach Motor Lines Inc,ready_to_pickup,,0 days 00:03:18,,SUCCESS,FETCHED_CARRIER_SCAC; LOAD_UPDATED; MAIL_SENT_TO_CARRIER,,
2024-11-06,2024-11-06,5000262417,smithfield-foods,Hirschbach Motor Lines Inc,ready_to_pickup,,0 days 00:22:33,,SUCCESS,FETCHED_CARRIER_SCAC; LOAD_UPDATED; MAIL_SENT_TO_CARRIER,,
2024-11-06,2024-11-06,5000262493,smithfield-foods,Buhr's Trucking,ready_to_pickup,,0 days 01:12:20,,SUCCESS,FETCHED_CARRIER_SCAC; LOAD_UPDATED; MAIL_SENT_TO_CARRIER,Y,
2024-11-06,2024-11-06,4303702524,smithfield-foods,Moeller Trucking Inc.,ready_to_pickup,,0 days 00:10:12,,SUCCESS,FETCHED_CARRIER_SCAC; LOAD_UPDATED; MAIL_SENT_TO_CARRIER,,
2024-11-06,2024-11-06,4303701697,smithfield-foods,Moeller Trucking Inc.,ready_to_pickup,,0 days 00:10:12,,SUCCESS,FETCHED_CARRIER_SCAC; LOAD_UPDATED; MAIL_SENT_TO_CARRIER,,
2024-11-06,2024-11-06,4303704339,smithfield-foods,Hirschbach Motor Lines Inc,ready_to_pickup,,0 days 00:27:42,,SUCCESS,FETCHED_CARRIER_SCAC; LOAD_UPDATED; MAIL_SENT_TO_CARRIER,,
2024-11-06,2024-11-06,4303704345,smithfield-foods,Hirschbach Motor Lines Inc,ready_to_pickup,,0 days 00:27:43,,SUCCESS,FETCHED_CARRIER_SCAC; LOAD_UPDATED; MAIL_SENT_TO_CARRIER,,
2024-11-06,2024-11-06,4303703930,smithfield-foods,Moeller Trucking Inc.,ready_to_pickup,,0 days 00:03:18,,SUCCESS,FETCHED_CARRIER_SCAC; LOAD_UPDATED; MAIL_SENT_TO_CARRIER,,
2024-11-06,,4303703923,smithfield-foods,LHP Transportation Services,ready_to_pickup,,,,SUCCESS,FETCHED_CARRIER_SCAC; LOAD_UPDATED; MAIL_SENT_TO_CARRIER,Y,Y
