FACILITY,DATE,Load Number,CARRIER,CONTAINER ID,DESTINATION CITY,DESTINATION STATE,DD DATE,DD TIME,BILL DATE,BILL TIME,ZDLT LATE CODE,ON TIME? (Y/N),SPLIT? (Y/N),FRESH PRIORITY STO? (Y/N),NOTES/COMMENTS,DETAILED NOTES/COMMENTS,Reminder,Escalated?
CLINTON,31-Oct,4303691551,AKHT,S5321017,Lincoln,NE,10/29/2024,16:00,10/30/2024,1:17,603,N,N,N,,,,
CLINTON,31-Oct,4303698126,HIRP,6349,Lincoln,NE,10/29/2024,16:00,10/29/2024,23:33,603,N,N,N,,,,
CLINTON,31-Oct,4303697532,HIRP,H00212,Cudahy,WI,10/29/2024,20:30,10/29/2024,23:37,501,N,N,N,,,,
CLINTON,31-Oct,4303705903,AKHT,28632,Olathe,KS,10/30/2024,15:00,10/30/2024,13:53,,Y,N,N,,,,
CLINTON,31-Oct,4303674280,AKHT,53160,Peru,IN,10/30/2024,17:30,10/30/2024,17:56,102,N,N,N,,,,
CLINTON,31-Oct,4303706032,CPU,6037,MURPHY,TX,10/30/2024,20:00,10/30/2024,22:58,304,N,N,N,,,,
CLINTON,31-Oct,4303699234,CPU,5702,RIVIERA BEACH,FL,10/30/2024,22:00,10/31/2024,0:27,304,N,N,N,,,,
CLINTON,31-Oct,4303705546,PRIJ,250834,Greenfield,IN,11/1/2024,10:30,10/31/2024,0:07,,Y,N,N,,,,
CLINTON,31-Oct,4303707393,SHGR,52307,Greenfield,IN,11/1/2024,10:30,10/30/2024,23:06,,Y,N,N,,,,
CLINTON,31-Oct,4303701582,HIRS,H30228,Lincoln,NE,11/1/2024,11:00,10/30/2024,17:28,,Y,N,N,,,,
CLINTON,31-Oct,4303701826,HIRP,H30403,Lincoln,NE,11/1/2024,17:00,10/30/2024,23:06,,Y,N,N,,,,
Milan,31-Oct,4303570699,PRIJ,232038,OKLAHOMA CITY,OK,10/31/2024,8:30,10/31/2024,2:26,,Y,N,,,,,
Milan,31-Oct,4303629210,SHKE,80183,CHILLICOTHE,MO,11/1/2024,5:00,10/30/2024,18:25,,Y,N,,,,,
Milan,31-Oct,4303629355,SHKE,80085,CHILLICOTHE,MO,10/31/2024,5:00,10/30/2024,9:28,,Y,N,,,,,
Milan,31-Oct,4303653871,PRIJ,241098,OKLAHOMA CITY,OK,10/31/2024,20:00,10/30/2024,17:09,,Y,N,,,,,
Milan,31-Oct,4303679323,RDXO,531848,Sioux City,IA,10/30/2024,21:30,10/31/2024,0:52,999,N,N,,,,,
Milan,31-Oct,4303680126,RDXO,531388,Sioux City,IA,10/31/2024,21:30,10/30/2024,18:34,,Y,N,,,,,
Milan,31-Oct,4303684249,HIRP,95244,DES MOINES,IA,10/31/2024,12:30,10/30/2024,15:59,,Y,N,,,,,
Milan,31-Oct,4303684343,SHKE,8292,DES MOINES,IA,11/1/2024,10:30,10/30/2024,18:48,,Y,N,,,,,
Milan,31-Oct,4303691875,AKHT,53494,Junction City,KS,10/31/2024,2:30,10/30/2024,21:48,,Y,N,,,,,
Milan,31-Oct,4303692230,HIRS,30244,Sioux City,IA,10/31/2024,21:30,10/29/2024,16:40,,Y,N,,,,,
Milan,31-Oct,4303693393,RDXO,531243,Sioux Center,IA,10/30/2024,22:00,10/30/2024,15:52,,Y,N,,,,,
Milan,31-Oct,4303693831,RDXO,531289,Sioux Center,IA,10/30/2024,21:00,10/30/2024,14:31,,Y,N,,,,,
Milan,31-Oct,4303694160,HIRS,40303,EAST POINT,GA,10/30/2024,16:30,10/29/2024,21:57,,Y,N,,,,,
Milan,31-Oct,4303694524,AKHT,5324606,Cudahy,WI,10/31/2024,11:00,10/31/2024,0:34,,Y,N,,,,,
Milan,31-Oct,4303696054,HIRS,91452,ORANGE CITY,IA,10/31/2024,20:00,10/30/2024,20:00,,Y,N,,,,,
Milan,31-Oct,4303696354,PRIJ,215680,DAVENPORT,IA,11/1/2024,5:00,10/31/2024,1:31,,Y,N,,,,,
Milan,31-Oct,4303699579,PRIJ,190685,HIDALGO,TX,11/1/2024,18:30,10/30/2024,22:17,,Y,N,,,,,
Milan,31-Oct,4303699893,CLLQ,,LOS ANGELES,CA,11/1/2024,5:00,,0:00,,Y,N,,,,,
Milan,31-Oct,4303700678,CPU,,NORTH SIOUX CITY,SD,10/30/2024,11:11,,0:00,,Y,N,,,,,
Milan,31-Oct,4303700679,CPU,,SAN ANTONIO,TX,10/30/2024,11:11,,0:00,,Y,N,,,,,
Milan,31-Oct,4303700691,CPU,,LAKELAND,FL,10/31/2024,11:11,,0:00,,Y,N,,,,,
Milan,31-Oct,4303701946,PRIJ,200368,DUBUQUE,IA,11/1/2024,10:00,10/30/2024,0:46,,Y,N,,,,,
Milan,31-Oct,4303702437,STVV,19101,Smithfield,VA,11/1/2024,18:30,10/30/2024,10:02,,Y,N,,,,,
Milan,31-Oct,4303702486,STVV,16341,Smithfield,VA,11/1/2024,18:30,10/30/2024,11:54,,Y,N,,,,,
Milan,31-Oct,4303702983,CPU,,CORAL GABLES,FL,11/1/2024,11:11,,0:00,,Y,N,,,,,
Milan,31-Oct,4303704778,PTGB,1195,DES MOINES,IA,10/31/2024,8:30,10/30/2024,13:18,,Y,N,,,,,
Milan,31-Oct,4303705206,CPU,,SYRACUSE,NY,10/31/2024,11:11,,0:00,,Y,N,,,,,
Milan,31-Oct,4303705749,HIRS,6628,HOUSTON,TX,10/31/2024,16:30,10/30/2024,16:27,,Y,N,,,,,
Milan,31-Oct,4303705881,HIRS,20907,Wilson,NC,10/31/2024,20:00,10/30/2024,20:30,,Y,N,,,,,
Milan,31-Oct,4303706686,PRIJ,220230,CLINTON,OK,10/31/2024,8:00,10/31/2024,0:07,,Y,N,,,,,
Milan,31-Oct,4303707532,CPU,,DALLAS,TX,11/1/2024,11:11,,0:00,,Y,N,,,,,
Milan,31-Oct,4303707548,CPU,,DORAL,FL,10/31/2024,11:11,,0:00,,Y,N,,,,,
Milan,31-Oct,4303708188,CPU,,MISSISSAUGA,ON,11/1/2024,11:11,,0:00,,Y,N,,,,,
Milan,31-Oct,5000262067,SHKE,C#1/80387,Chillicothe,MO,10/30/2024,8:05,10/30/2024,8:05,,Y,N,,,,,
Milan,31-Oct,5000262068,SHKE,C#2/80278,Chillicothe,MO,10/30/2024,10:46,10/30/2024,10:46,,Y,N,,,,,
Milan,31-Oct,5000262105,SHKE,DM#1/80335,Des Moines,IA,10/30/2024,12:40,10/30/2024,12:40,,Y,N,,,,,
Milan,31-Oct,5000262133,PTGB,CR#1/1144,Des Moines,IA,10/30/2024,16:56,10/30/2024,16:56,,Y,N,,,,,
Milan,31-Oct,5000262144,SHKE,DM#2/80023,Des Moines,IA,10/30/2024,14:39,10/30/2024,14:39,,Y,N,,,,,
Milan,31-Oct,5000262152,SHKE,C#4/80235,Chillicothe,MO,10/30/2024,15:57,10/30/2024,15:57,,Y,N,,,,,
Milan,31-Oct,5000262157,SHKE,CUT#5/80032,Chillicothe,MO,10/30/2024,21:56,10/30/2024,21:56,,Y,N,,,,,
Milan,31-Oct,4303700837,TSL,TTNU8163574,EDGERTON,KS,,,10/30/2024,12:18,,,,,,,,
Milan,31-Oct,4303698731,TSL,CGMU5360065,EDGERTON,KS,,,10/29/2024,16:12,,,,,,,,
Milan,31-Oct,4303705652,TSL,AMCU9374534,EDGERTON,KS,,,10/30/2024,23:21,,,,,,,,
Crete,31-Oct,4303691952,AKHT,5321006,Junction City,KS,10/31/2024,11:00,10/30/2024,7:55,,Y,N,N,,,,
Crete,31-Oct,5000262158,BTDQ,262,Olathe,KS,10/30/2024,22:52,10/30/2024,22:52,,Y,N,Y,,,,
Crete,31-Oct,4303689676,BTDQ,257,Lincoln,NE,10/31/2024,4:30,10/29/2024,22:58,,Y,N,N,,,,
Crete,31-Oct,4303691654,BTDQ,450,Lincoln,NE,10/31/2024,4:30,10/30/2024,2:38,,Y,N,N,,,,
Crete,31-Oct,5000262159,BTDQ,263,Olathe,KS,10/31/2024,0:34,10/31/2024,0:34,,Y,N,Y,,,,
Crete,31-Oct,4303703683,BTDQ,245,LINCOLN,NE,10/31/2024,9:00,10/31/2024,0:06,,Y,N,N,,,,
Crete,31-Oct,5000261997,FRFT,319,Olathe,KS,10/29/2024,10:25,10/29/2024,10:25,,Y,N,Y,,,,
Crete,31-Oct,5000262055,FRFT,722,Olathe,KS,10/29/2024,19:04,10/29/2024,19:04,,Y,N,Y,,,,
Crete,31-Oct,4303697275,FRFT,1117,Omaha,NE,10/31/2024,5:30,10/30/2024,17:01,,Y,N,N,,,,
Crete,31-Oct,5000262069,HIRP,30040,Olathe,KS,10/30/2024,11:51,10/30/2024,11:51,,Y,N,Y,,,,
Crete,31-Oct,5000262155,HIRP,30780,Olathe,KS,10/30/2024,19:34,10/30/2024,19:34,,Y,N,Y,,,,
Crete,31-Oct,4303693108,HIRP,20840,Wichita,KS,10/31/2024,18:30,10/30/2024,9:13,,Y,N,N,,,,
Crete,31-Oct,5000262139,HIRP,95273,Greenfield,IN,10/31/2024,0:46,10/31/2024,0:46,,Y,N,Y,,,,
Crete,31-Oct,4303695567,HIRS,30705,Tar Heel,NC,11/2/2024,6:30,10/31/2024,2:01,,Y,N,Y,,,,
Crete,31-Oct,5000262149,JOFD,7789,Greenfield,IN,10/30/2024,15:37,10/30/2024,15:37,,Y,N,Y,,,,
Crete,31-Oct,5000262154,JOFD,7788,Greenfield,IN,10/30/2024,19:20,10/30/2024,19:20,,Y,N,Y,,,,
Crete,31-Oct,4303700361,CGVR,R15620,Salt Lake City,UT,10/30/2024,16:30,10/30/2024,15:13,,Y,N,N,,,,
Crete,31-Oct,5000262052,JOFD,7778,Greenfield,IN,10/29/2024,18:53,10/29/2024,18:53,,Y,N,Y,,,,
Crete,31-Oct,5000262049,JOFD,8033,Greenfield,IN,10/30/2024,1:32,10/30/2024,1:32,,Y,N,Y,,,,
Crete,31-Oct,4303691562,MOEE,3022,Lincoln,NE,10/31/2024,4:30,10/30/2024,19:24,,Y,N,N,,,,
Crete,31-Oct,4303702061,MOEE,3002,Lincoln,NE,10/31/2024,4:30,10/30/2024,22:06,,Y,N,N,,,,
Crete,31-Oct,4303692739,MOEE,3049,Lincoln,NE,10/31/2024,4:30,10/31/2024,1:47,,Y,N,N,,,,
Crete,31-Oct,4303691913,MOEE,3030,Omaha,NE,10/31/2024,7:30,10/31/2024,2:45,,Y,N,N,,,,
Crete,31-Oct,4303570881,PRIJ,243273,OKLAHOMA CITY,OK,10/31/2024,8:00,10/30/2024,19:40,,Y,N,N,,,,
Crete,31-Oct,4303684232,PRIJ,220125,Cudahy,WI,10/31/2024,15:30,10/28/2024,12:02,,Y,N,N,,,,
Crete,31-Oct,5000262125,PTGB,1145,Olathe,KS,10/30/2024,12:41,10/30/2024,12:41,,Y,N,Y,,,,
Crete,31-Oct,5000262134,PTGB,1158,Olathe,KS,10/30/2024,17:22,10/30/2024,17:22,,Y,N,Y,,,,
Pine Ridge,31-Oct,4303693330,MOEE,3019,Carroll,Iowa,10/30/2024,3:00,10/30/2024,2:44,,,,,,,,
Pine Ridge,31-Oct,4303693331,MOEE,3024,Carroll,Iowa,10/30/2024,3:00,10/29/2024,19:35,,,,,,,,
Pine Ridge,31-Oct,4303693338,LHPT,1470,Middlesboro,Kentucky,10/29/2024,19:30,10/29/2024,21:03,,,,,,,,
Denison,31-Oct,5000262112,BRITTON,18T07,"DES MOINES, IA",IA,10/30/2024,9:30,10/30/2024,9:30,,,,,,,,
Denison,31-Oct,5000262170,HEYL,21053,"DES MOINES, IA",IA,10/30/2024,16:19,10/30/242,16:19,,,,,,,,
Denison,31-Oct,4303704639,HILL BROS,579727,"JUNCTION CITY, KS",KS,10/30/2024,18:30,10/29/2024,7:01,,,,,,,,
Denison,31-Oct,4303703577,HILL BROS,579571,"OLATHE, KS",KS,10/30/2024,12:00,10/30/2024,14:09,,,,,,,,
Denison,31-Oct,4303691871,HILL BROS,579508,"JUNCTION CITY, KS",KS,10/31/2024,18:30,10/30/2024,22:48,,,,,,,,
Denison,31-Oct,4303697984,HIRSCHBACH,498,"ALCOA, TN",TN,10/30/2024,11:30,10/29/2024,14:00,,,,,,,,
Denison,31-Oct,4303704494,HIRSCHBACH,20107,"TRENTON, MO",MO,11/3/2024,23:30,10/29/2024,12:55,,,,,,,,
Denison,31-Oct,4303657846,HIRSCHBACH,40129,"YOAKUM, TX",TX,10/31/2024,12:30,10/30/2024,21:44,,,,,,,,
Denison,31-Oct,4303699012,HIRSCHBACH,57,"ABBOTSFORD, WI",WI,10/31/2024,12:00,10/30/2024,19:17,,,,,,,,
Denison,31-Oct,4303704102,HIRSCHBACH,20926,"GREENFIELD, IN",IN,10/30/2024,20:00,10/30/2024,19:53,,,,,,,,
Denison,31-Oct,4303705136,HIRSCHBACH,H00307,"ORLAND & DEERFIELD BEACH, FL",FL,10/31/2024,10:00,10/30/2024,21:04,,,,,,,,
Denison,31-Oct,4303705727,HIRSCHBACH,40233,"TRENTON, MO",MO,10/31/2024,23:30,10/30/2024,11:06,,,,,,,,
Denison,31-Oct,4303697287,HIRSCHBACH,40197,"POMPANO BEACH, FL",FL,10/31/2024,17:00,10/31/2024,:06,,,,,,,,
Denison,31-Oct,4303706068,HIRSCHBACH,254,"OLATHE, KS",KS,10/31/2024,12:00,10/31/2024,:49,,,,,,,,
Denison,31-Oct,5000262148,JFI,7966,"DES MOINES, IA",IA,10/30/2024,15:27,10/30/2024,15:27,,,,,,,,
Denison,31-Oct,4303684438,JFI,8329,"DES MOINES, IA",IA,10/31/2024,9:00,10/30/2024,15:44,,,,,,,,
Denison,31-Oct,4303691889,K & B,13601,"JUNCTION CITY, KS",KS,10/31/2024,18:30,10/30/2024,8:44,,,,,,,,
Denison,31-Oct,4303680019,MOELLER,3052,"SIOUX CITY, IA",IA,10/31/2024,3:00,10/30/2024,19:20,,,,,,,,
Denison,31-Oct,5000262147,POTTER,1141,"DES MOINES, IA",IA,10/30/2024,15:23,10/30/2024,15:23,,,,,,,,
Denison,31-Oct,4303705745,PRIME,210262,"PHARR, TX",TX,11/1/2024,21:30,10/30/2024,17:53,,,,,,,,
Denison,31-Oct,4303684234,PRIME,210315,"DENVER, CO",CO,10/31/2024,10:30,10/30/2024,23:37,,,,,,,,
Sioux Falls,31-Oct,4303675856,YAGA,2002,,OK,10/30/2024,11:11,10/30/2024,19:58,,,,,,,,
Sioux Falls,31-Oct,4303651643,BENNETT,1737,,TX,10/29/2024,20:00,10/30/2024,19:04,,,,,,,,
Sioux Falls,31-Oct,4303705940,BENNETT,1765,,"IA,WI",10/30/2024,18:30,10/30/2024,23:44,,,,,,,,
Sioux Falls,31-Oct,4303705514,HEYL,5027,,NC,11/1/2024,7:30,10/30/2024,19:31,,,,,,,,
Sioux Falls,31-Oct,4303680020,HEYL,24078,,IA,10/31/2024,3:30,10/30/2024,21:55,,,,,,,,
Sioux Falls,31-Oct,4303697513,HILL BROS,579740,,KS,10/30/2024,21:00,10/30/2024,16:12,,,,,,,,
Sioux Falls,31-Oct,4303695938,HIRSCHBACH,6500,,TX,10/31/2024,8:30,10/30/2024,3:06,,,,,,,,
Sioux Falls,31-Oct,4303699784,HIRSCHBACH,20472,,PA,10/31/2024,12:00,10/30/2024,16:24,,,,,,,,
Sioux Falls,31-Oct,4303702817,HIRSCHBACH,H20839,,WI,10/31/2024,8:00,10/30/2024,15:19,,,,,,,,
Sioux Falls,31-Oct,4303702156,HIRSCHBACH,H30405,,IA,11/1/2024,21:30,10/31/2024,0:46,,,,,,,,
Sioux Falls,31-Oct,43036972461,HIRSCHBACH,30649,,NC,11/1/2024,16:30,10/30/2024,12:33,,,,,,,,
Sioux Falls,31-Oct,4303702205,HIRSCHBACH,H40235,,IA,10/31/2024,20:00,10/29/2024,18:10,,,,,,,,
Sioux Falls,31-Oct,4303705410,HIRSCHBACH,T91338,,MD,11/1/2024,17:30,10/30/2024,5:09,,,,,,,,
Sioux Falls,31-Oct,4303689381,JFI,7604,,IA,11/1/2024,5:00,10/30/2024,21:20,,,,,,,,
Sioux Falls,31-Oct,4303689531,JFI,7726,,IA,11/1/2024,5:00,10/31/2024,3:34,,,,,,,,
Sioux Falls,31-Oct,4303693090,JFI,7799,,IA,10/31/2024,2:30,10/30/2024,14:06,,,,,,,,
Sioux Falls,31-Oct,4303700083,JFI,7823,,WI,10/30/2024,19:30,10/30/2024,21:36,,,,,,,,
Sioux Falls,31-Oct,4303688116,JFI,7926,,MN,10/31/2024,2:30,10/30/2024,14:51,,,,,,,,
Sioux Falls,31-Oct,4303705071,JFI,7957,,NE,11/1/2024,2:00,10/30/2024,21:05,,,,,,,,
Sioux Falls,31-Oct,4303702723,JFI,8096,,WI,10/31/2024,8:00,10/31/2024,1:36,,,,,,,,
Sioux Falls,31-Oct,4303689558,JFI,8108,,IA,10/31/2024,5:00,10/30/2024,18:10,,,,,,,,
Sioux Falls,31-Oct,4303688081,JFI,8184,,KS,10/31/2024,9:00,10/31/2024,3:59,,,,,,,,
Sioux Falls,31-Oct,4303679592,JFI,8309,,IA,10/31/2024,4:30,10/30/2024,23:39,,,,,,,,
Sioux Falls,31-Oct,4303693085,JFI,8406,,KS,10/30/2024,9:00,10/29/2024,23:19,,,,,,,,
Sioux Falls,31-Oct,4303693123,JFI,8407,,IA,10/31/2024,9:00,10/31/2024,3:57,,,,,,,,
Sioux Falls,31-Oct,4303703711,JFI,8446,,KS,10/31/2024,18:30,10/30/2024,18:46,,,,,,,,
Sioux Falls,31-Oct,4303699583,K&B,12448,,IL,10/31/2024,11:30,10/29/2024,19:18,,,,,,,,
Sioux Falls,31-Oct,4303588139,PRIME,240659,MONTGOMERY,IL,10/31/2024,6:30,10/31/2024,0:21,,,,,,,,
Sioux Falls,31-Oct,4303654079,STEVENS,17460,HIDALGO,TX,10/29/2024,18:30,10/30/2024,19:04,,,,,,,,
Sioux Falls,31-Oct,4303654788,PRIME,253378,HIDALGO,TX,10/29/2024,20:00,10/30/2024,19:05,,,,,,,,
Sioux Falls,31-Oct,4303684185,STATELINE,7,Cudahy,WI,10/31/2024,10:00,10/30/2024,16:47,,,,,,,,
Sioux Falls,31-Oct,4303685966,SWIFT,R20214,Salt Lake City,UT,10/30/2024,13:00,10/30/2024,13:44,,,,,,,,
Sioux Falls,31-Oct,4303690713,SWIFT,583019,Salt Lake City,UT,10/30/2024,13:00,10/30/2024,19:08,,,,,,,,
Sioux Falls,31-Oct,4303691563,RAIDER,531232,Lincoln,NE,10/30/2024,18:30,10/30/2024,5:14,,,,,,,,
Sioux Falls,31-Oct,4303691950,RAIDER,531225,Junction City,KS,10/31/2024,9:00,10/31/2024,2:12,,,,,,,,
Sioux Falls,31-Oct,4303697516,WINDWALKER,5150,Greenfield,IN,11/1/2024,8:30,10/30/2024,22:22,,,,,,,,
Sioux Falls,31-Oct,4303698202,STEVENS,18706,HOUSTON,TX,10/31/2024,8:30,10/30/2024,21:56,,,,,,,,
Sioux Falls,31-Oct,4303698720,PRIME,241534,COUNCIL BLUFFS,IA,10/31/2024,5:30,10/30/2024,21:33,,,,,,,,
Sioux Falls,31-Oct,4303698764,LARSEN,956,Orange City,IA,10/31/2024,3:30,10/31/2024,4:41,,,,,,,,
Sioux Falls,31-Oct,4303703669,WINDWALKER,5067,Olathe,KS,10/31/2024,6:00,10/30/2024,14:15,,,,,,,,
Sioux Falls,31-Oct,4303703710,TRANSAM,262512,North East,MD,11/1/2024,0:30,10/31/2024,2:08,,,,,,,,
Sioux Falls,31-Oct,4303704752,PRIME,216160,OMAHA,NE,11/1/2024,3:00,10/30/2024,16:47,,,,,,,,
Sioux Falls,31-Oct,4303705340,WINDWALKER,5117,Olathe,KS,11/1/2024,3:00,10/30/2024,23:46,,,,,,,,
Sioux Falls,31-Oct,4303706179,NATIONWIDE,5561,Greenfield,IN,11/1/2024,8:30,10/31/2024,2:06,,,,,,,,
Clinton,1-Nov,4303698126,HIRP,6349,Lincoln,NE,10/29/2024,16:00,10/29/2024,23:33,,,,,,,,
Clinton,1-Nov,4303705992,CRED,28632,GREENSBORO,NC,11/1/2024,1:30,11/1/2024,0:19,,,,,,,,
Clinton,1-Nov,4303707776,CRED,27782,Wilson,NC,11/1/2024,2:30,10/31/2024,20:00,,,,,,,,
Clinton,1-Nov,4303696109,CRED,28682,BURGAW,NC,11/1/2024,4:00,11/1/2024,0:51,,,,,,,,
Clinton,1-Nov,4303696240,HIRS,H30469,Middlesboro,KY,11/1/2024,8:00,10/31/2024,12:35,,,,,,,,
Clinton,1-Nov,4303705546,PRIJ,250834,Greenfield,IN,11/1/2024,10:30,10/31/2024,0:07,,,,,,,,
Clinton,1-Nov,4303707393,SHGR,52307,Greenfield,IN,11/1/2024,10:30,10/30/2024,23:06,,,,,,,,
Clinton,1-Nov,4303701582,HIRS,H30228,Lincoln,NE,11/1/2024,11:00,10/30/2024,17:28,,,,,,,,
Clinton,1-Nov,4303701692,HIRS,H20162,Lincoln,NE,11/1/2024,11:00,10/31/2024,12:35,,,,,,,,
Clinton,1-Nov,4303707392,DMCC,10180,Olathe,KS,11/1/2024,15:00,10/31/2024,23:08,,,,,,,,
Clinton,1-Nov,4303705801,PRIJ,251443,MEMPHIS,TN,11/1/2024,16:00,10/31/2024,8:27,,,,,,,,
Clinton,1-Nov,4303701826,HIRP,H30403,Lincoln,NE,11/1/2024,17:00,10/30/2024,23:06,,,,,,,,
Clinton,1-Nov,4303697514,HIRS,H40276,OKLAHOMA CITY,OK,11/1/2024,22:00,10/31/2024,23:10,,,,,,,,
Clinton,1-Nov,4303701822,PRIJ,190249,Kansas City,MO,11/2/2024,21:00,10/31/2024,9:31,,,,,,,,
Clinton,1-Nov,4303701864,PRIJ,200704,Kansas City,MO,11/2/2024,21:00,10/31/2024,5:59,,,,,,,,
Clinton,1-Nov,4303701866,PRIJ,232332,Kansas City,MO,11/2/2024,21:00,10/31/2024,11:45,,,,,,,,
Clinton,1-Nov,4303701867,PRIJ,200954,Kansas City,MO,11/2/2024,21:00,10/31/2024,17:44,,,,,,,,
Clinton,1-Nov,4303701915,DMCC,10025,Kansas City,MO,11/2/2024,21:00,10/31/2024,17:48,,,,,,,,
Clinton,1-Nov,4303702002,DMCC,14242,Kansas City,MO,11/2/2024,21:00,10/31/2024,5:43,,,,,,,,
Clinton,1-Nov,4303701597,AKHT,53283,Lincoln,NE,11/3/2024,16:00,11/1/2024,0:53,,,,,,,,
Clinton,1-Nov,4303701827,HIRP,H30127,Lincoln,NE,11/3/2024,16:00,10/31/2024,6:19,,,,,,,,
Clinton,1-Nov,4303702006,AKHT,S5322118,Lincoln,NE,11/3/2024,16:00,10/31/2024,22:48,,,,,,,,
Crete,1-Nov,4303704773,AKHT,5321002,BURGAW,NC,11/3/2024,14:30,10/31/2024,20:11,,,,,,,,
Crete,1-Nov,4303697587,AKHT,5324625,Cudahy,WI,11/4/2024,10:00,10/31/2024,9:00,,,,,,,,
Crete,1-Nov,4303703686,BTDQ,246,LINCOLN,NE,11/1/2024,9:00,10/31/2024,20:30,,,,,,,,
Crete,1-Nov,4303693109,HIRP,H30618,Carroll,IA,11/1/2024,2:00,10/31/2024,21:32,,,,,,,,
Crete,1-Nov,4303707202,HIRP,95297,DUBUQUE,IA,11/3/2024,20:00,10/31/2024,13:06,,,,,,,,
Crete,1-Nov,4303695324,HIRS,469,Tar Heel,NC,11/2/2024,9:30,10/31/2024,12:55,,,,,,,,
Crete,1-Nov,4303695701,HIRS,H00268,North East,MD,11/2/2024,10:30,11/1/2024,0:14,,,,,,,,
Crete,1-Nov,4303691691,HLBO,579603,Junction City,KS,11/1/2024,2:00,10/31/2024,19:30,,,,,,,,
Crete,1-Nov,4303697475,JOFD,7611,Lincoln,NE,11/1/2024,4:30,10/31/2024,17:28,,,,,,,,
Crete,1-Nov,4303691494,MOEE,3002,Lincoln,NE,Densio,4:30,10/31/2024,19:02,,,,,,,,
Crete,1-Nov,4303691874,MOEE,3020,Omaha,NE,11/1/2024,4:30,10/31/2024,14:39,,,,,,,,
Crete,1-Nov,4303706589,PTGB,1185,Omaha,NE,11/4/2024,3:30,10/31/2024,10:42,,,,,,,,
Crete,1-Nov,4303702559,PTGB,1148,Omaha,NE,11/4/2024,8:30,10/31/2024,20:48,,,,,,,,
Sioux  Falls,1-Nov,4303670175,LRKF,2014 FARMER FGT PHN,BOUCHERVILLE,QC,10/30/2024,21:30,,0:00,,,,,,,,
Sioux  Falls,1-Nov,4303691564,WWIK,5059,Lincoln,NE,10/31/2024,18:30,10/31/2024,11:38,,,,,,,,
Sioux  Falls,1-Nov,4303691660,RDXO,R531273,Lincoln,NE,10/31/2024,18:30,10/31/2024,16:32,,,,,,,,
Sioux  Falls,1-Nov,4303691879,RDXO,R531784,Junction City,KS,10/31/2024,21:00,10/31/2024,18:52,,,,,,,,
Sioux  Falls,1-Nov,4303691910,RDXO,R531528,Junction City,KS,10/31/2024,21:00,10/31/2024,20:16,,,,,,,,
Sioux  Falls,1-Nov,4303650609,MCFG,5182,AUSTIN,MN,11/1/2024,1:00,10/31/2024,21:41,,,,,,,,
Sioux  Falls,1-Nov,4303693091,JOFD,7691,Carroll,IA,11/1/2024,1:00,10/31/2024,22:26,,,,,,,,
Sioux  Falls,1-Nov,4303696055,PRIJ,PHN,ORANGE CITY,IA,11/1/2024,2:30,,0:00,,,,,,,,
Sioux  Falls,1-Nov,4303698279,JOFD,7897,COUNCIL BLUFFS,IA,11/1/2024,2:30,11/1/2024,0:01,,,,,,,,
Sioux  Falls,1-Nov,4303698285,LSNC,986,Orange City,IA,11/1/2024,3:30,11/1/2024,3:16,,,,,,,,
Sioux  Falls,1-Nov,4303691791,JOFD,7629,Omaha,NE,11/1/2024,4:00,11/1/2024,2:02,,,,,,,,
Sioux  Falls,1-Nov,4303697389,PTGB,1150,Omaha,NE,11/1/2024,6:00,11/1/2024,1:39,,,,,,,,
Sioux  Falls,1-Nov,4303708077,STVV,17375,HOUSTON,TX,11/1/2024,8:00,10/31/2024,18:30,,,,,,,,
Sioux  Falls,1-Nov,4303706179,NTWD,5561,Greenfield,IN,11/1/2024,8:30,10/31/2024,2:06,,,,,,,,
Sioux  Falls,1-Nov,4303697642,JOFD,8304,Olathe,KS,11/1/2024,15:00,10/31/2024,4:39,,,,,,,,
Sioux  Falls,1-Nov,4303705375,BTIK,1801,Olathe,KS,11/1/2024,16:00,10/31/2024,12:18,,,,,,,,
Sioux  Falls,1-Nov,4303697246,HIRP,30649,Tar Heel,NC,11/1/2024,16:30,10/30/2024,12:23,,,,,,,,
Sioux  Falls,1-Nov,4303705410,HIRS,T91338,North East,MD,11/1/2024,17:30,10/30/2024,5:09,,,,,,,,
Sioux  Falls,1-Nov,4303651873,STVV,17776,HIDALGO,TX,11/1/2024,20:00,10/31/2024,14:12,,,,,,,,
Sioux  Falls,1-Nov,4303697245,SFHM,500 C RED,Tar Heel,NC,11/1/2024,21:30,11/1/2024,2:19,,,,,,,,
Sioux  Falls,1-Nov,4303706696,PRIJ,215400,LAREDO,TX,11/1/2024,22:30,10/31/2024,7:30,,,,,,,,
Sioux  Falls,1-Nov,4303699803,STVV,16335,North East,MD,11/1/2024,23:30,10/31/2024,14:06,,,,,,,,
Sioux  Falls,1-Nov,4303704691,HIRS,H30245,OMAHA,NE,11/2/2024,2:00,10/31/2024,6:43,,,,,,,,
Sioux  Falls,1-Nov,4303705072,SHAF,841477,OMAHA,NE,11/2/2024,2:00,10/31/2024,20:06,,,,,,,,
Sioux  Falls,1-Nov,4303697643,HIRP,H30444,Olathe,KS,11/2/2024,3:00,10/31/2024,9:57,,,,,,,,
Sioux  Falls,1-Nov,4303704689,HIRS,6647,OMAHA,NE,11/2/2024,3:00,10/31/2024,19:34,,,,,,,,
Sioux  Falls,1-Nov,4303706695,PRIJ,201934,OAKLAND,CA,11/2/2024,3:30,10/31/2024,15:03,,,,,,,,
Sioux  Falls,1-Nov,4303704690,HIRS,T30587,OMAHA,NE,11/2/2024,4:00,10/31/2024,19:04,,,,,,,,
Sioux  Falls,1-Nov,4303696207,HIRS,H00371,Tar Heel,NC,11/2/2024,5:30,10/31/2024,13:27,,,,,,,,
Sioux  Falls,1-Nov,4303697481,EHOF,20789,Greenfield,IN,11/2/2024,5:30,10/31/2024,12:52,,,,,,,,
Sioux  Falls,1-Nov,4303697626,JOFD,8191,Tar Heel,NC,11/2/2024,7:30,11/1/2024,2:17,,,,,,,,
Sioux  Falls,1-Nov,4303707005,PRIJ,201943,OAKLAND,CA,11/2/2024,7:30,10/31/2024,16:17,,,,,,,,
Sioux  Falls,1-Nov,4303697497,SHAF,840920,North East,MD,11/2/2024,8:30,10/31/2024,9:45,,,,,,,,
Sioux  Falls,1-Nov,4303697560,KBTO,12330,Greenfield,IN,11/2/2024,8:30,11/1/2024,1:42,,,,,,,,
Sioux  Falls,1-Nov,4303701048,TAMI,262012,MILLERSBURG,OH,11/2/2024,12:00,10/31/2024,11:31,,,,,,,,
Sioux  Falls,1-Nov,4303706220,HIRP,H30701,Olathe,KS,11/2/2024,12:00,11/1/2024,3:01,,,,,,,,
Sioux  Falls,1-Nov,4303697604,DKCR,9387,Greenfield,IN,11/2/2024,15:30,11/1/2024,2:14,,,,,,,,
Sioux  Falls,1-Nov,4303706259,PBTI,991,Greenfield,IN,11/2/2024,18:30,10/31/2024,18:11,,,,,,,,
Sioux  Falls,1-Nov,4303707681,PRIJ,190208,CHICAGO,IL,11/3/2024,2:30,10/31/2024,18:50,,,,,,,,
Sioux  Falls,1-Nov,4303706175,JOFD,8370,Tar Heel,NC,11/3/2024,6:30,11/1/2024,2:27,,,,,,,,
Sioux  Falls,1-Nov,4303705224,HIRS,H30301,TEMPLE,TX,11/3/2024,10:00,11/1/2024,2:14,,,,,,,,
Sioux  Falls,1-Nov,4303703954,JOFD,7640,MOUNT PLEASANT,IA,11/3/2024,23:30,11/1/2024,0:12,,,,,,,,
Sioux  Falls,1-Nov,4303704727,HEYL,22108,ORANGE CITY,IA,11/4/2024,2:30,10/31/2024,19:49,,,,,,,,
Sioux  Falls,1-Nov,4303704882,JOFD,7620,ORANGE CITY,IA,11/4/2024,2:30,10/31/2024,21:11,,,,,,,,
Sioux  Falls,1-Nov,4303697834,JOFD,7684,Sioux Center,IA,11/4/2024,5:00,10/31/2024,22:09,,,,,,,,
Sioux  Falls,1-Nov,4303700213,JOFD,7983,Sioux Center,IA,11/4/2024,5:00,11/1/2024,0:35,,,,,,,,
Denison,1-Nov,4303704854,CPU,2047,OMAHA,NE,10/30/2024,19:37,10/31/2024,19:37,502,,,,,,,
Denison,1-Nov,4303697287,HIRS,40197,POMPANO BEACH,FL,10/31/2024,17:00,10/31/2024,0:06,,,,,,,,
Denison,1-Nov,4303701369,HLBO,579577,KANSAS CITY,KS,10/31/2024,17:30,10/31/2024,17:16,,,,,,,,
Denison,1-Nov,4303691871,HLBO,579508,Junction City,KS,10/31/2024,18:30,10/30/2024,22:48,,,,,,,,
Denison,1-Nov,4303691889,KBTO,13601,Junction City,KS,10/31/2024,18:30,10/30/2024,8:44,,,,,,,,
Denison,1-Nov,4303697457,HIRP,87,Cudahy,WI,10/31/2024,18:30,10/31/2024,18:10,,,,,,,,
Denison,1-Nov,4303706101,HEYL,22188,EDMONTON,AB,10/31/2024,20:00,10/31/2024,0:34,,,,,,,,
Denison,1-Nov,4303709938,TAMI,101421,Chillicothe,MO,10/31/2024,22:30,10/31/2024,15:41,,,,,,,,
Denison,1-Nov,4303684512,JOFD,8009,DES MOINES,IA,11/1/2024,5:00,10/31/2024,15:04,,,,,,,,
Denison,1-Nov,4303705137,PRIJ,190946,JACKSONVILLE,FL,11/1/2024,6:30,10/31/2024,13:50,,,,,,,,
Denison,1-Nov,4303684440,JOFD,8447,DES MOINES,IA,11/1/2024,9:00,10/31/2024,15:21,,,,,,,,
Denison,1-Nov,4303704153,HIRS,6587,North East,MD,11/1/2024,14:00,10/31/2024,22:42,,,,,,,,
Denison,1-Nov,4303705745,PRIJ,210262,PHARR,TX,11/1/2024,21:30,10/30/2024,17:53,,,,,,,,
Denison,1-Nov,4303565837,HIRS,30613,SELINSGROVE,PA,11/2/2024,1:00,10/31/2024,23:08,,,,,,,,
Denison,1-Nov,4303705021,PRIJ,190182,BLACK MOUNTAIN,NC,11/2/2024,3:00,10/31/2024,23:41,,,,,,,,
Denison,1-Nov,4303704768,HIRS,40226,MCKEES ROCKS,PA,11/2/2024,15:30,11/1/2024,0:22,,,,,,,,
Denison,1-Nov,4303701883,NTWD,5577,Peru,IN,11/3/2024,4:30,11/1/2024,0:26,,,,,,,,
Denison,1-Nov,4303700616,PRIJ,201612,CHICAGO,IL,11/3/2024,8:00,10/31/2024,19:09,,,,,,,,
Denison,1-Nov,4303702666,ASLO,532471,Cudahy,WI,11/3/2024,8:30,10/31/2024,11:03,,,,,,,,
Denison,1-Nov,4303707656,PRIJ,190203,Cudahy,WI,11/3/2024,8:30,10/31/2024,11:05,,,,,,,,
Denison,1-Nov,4303702473,HIRP,40206,Saint Charles,IL,11/3/2024,19:30,10/31/2024,9:24,,,,,,,,
Denison,1-Nov,4303691163,HIRS,20838,OKLAHOMA CITY,OK,11/4/2024,19:00,10/31/2024,18:01,,,,,,,,
Denison,1-Nov,5000262249,BITD,12T08,DES MOINES,IA,10/31/2024,17:08,10/31/2024,17:08,,,,,,,,
Denison,1-Nov,5000262243,HEYL,21062,DES MOINES,IA,10/31/2024,13:36,10/31/2024,13:36,,,,,,,,
Denison,1-Nov,5000262238,JOFD,8097,DES MOINES,IA,10/31/2024,11:22,10/31/2024,11:22,,,,,,,,
Milan,1-Nov,4303679209,RDXO,531386,Sioux City,IA,10/31/2024,21:30,10/31/2024,20:59,,Y,N,,,,,
Milan,1-Nov,4303679492,CPU,,DARTMOUTH,NS,11/1/2024,11:11,,0:00,,Y,N,,,,,
Milan,1-Nov,4303691291,HIRS,,OKLAHOMA CITY,OK,11/3/2024,18:30,,0:00,,Y,N,,,,,
Milan,1-Nov,4303692154,HIRP,,Sioux City,IA,11/3/2024,21:30,,0:00,,Y,N,,,,,
Milan,1-Nov,4303693393,RDXO,531243,Sioux Center,IA,10/30/2024,22:00,10/30/2024,15:52,,Y,N,,,,,
Milan,1-Nov,4303694000,RDXO,531184,Sioux Center,IA,10/31/2024,21:00,10/31/2024,22:28,999,N,N,,,,,
Milan,1-Nov,4303698160,PRIJ,,LAREDO,TX,11/2/2024,13:30,,0:00,,Y,N,,,,,
Milan,1-Nov,4303698355,CLLQ,,LAREDO,TX,11/2/2024,13:30,,0:00,,Y,N,,,,,
Milan,1-Nov,4303699579,PRIJ,190685,HIDALGO,TX,11/1/2024,18:30,10/30/2024,22:17,,Y,N,,,,,
Milan,1-Nov,4303701884,AKHT,53295,Peru,IN,11/3/2024,6:30,11/1/2024,0:49,,Y,N,,,,,
Milan,1-Nov,4303701926,PRIJ,232159,Peru,IN,11/3/2024,6:30,10/31/2024,23:21,,Y,N,,,,,
Milan,1-Nov,4303702346,HIRP,6898,Cudahy,WI,11/4/2024,14:00,10/31/2024,22:10,,Y,N,,,,,
Milan,1-Nov,4303702437,STVV,19101,Smithfield,VA,11/1/2024,18:30,10/30/2024,10:02,,Y,N,,,,,
Milan,1-Nov,4303702486,STVV,16341,Smithfield,VA,11/1/2024,18:30,10/30/2024,11:54,,Y,N,,,,,
Milan,1-Nov,4303702530,STVV,,Smithfield,VA,11/2/2024,18:30,,0:00,,Y,N,,,,,
Milan,1-Nov,4303702546,HIRP,91458,Cudahy,WI,11/3/2024,12:00,10/31/2024,9:03,,Y,N,,,,,
Milan,1-Nov,4303702650,KBTO,11947,Junction City,KS,11/4/2024,1:30,11/1/2024,1:53,,Y,N,,,,,
Milan,1-Nov,4303702976,CPU,,CORPUS CHRISTI,TX,11/1/2024,11:11,,0:00,,Y,N,,,,,
Milan,1-Nov,4303702982,CPU,,ATLANTA,GA,11/1/2024,11:11,,0:00,,Y,N,,,,,
Milan,1-Nov,4303702983,CPU,,CORAL GABLES,FL,11/1/2024,11:11,,0:00,,Y,N,,,,,
Milan,1-Nov,4303702985,CPU,,ATLANTA,GA,11/1/2024,11:11,,0:00,,Y,N,,,,,
Milan,1-Nov,4303704742,CLLQ,,SAN ANTONIO,TX,11/2/2024,19:30,,0:00,,Y,N,,,,,
Milan,1-Nov,4303704788,GTDQ,5342,HOUSTON,TX,11/2/2024,15:30,10/31/2024,19:18,,Y,N,,,,,
Milan,1-Nov,4303704789,HIRS,6595,HOUSTON,TX,11/2/2024,14:30,10/31/2024,16:56,,Y,N,,,,,
Milan,1-Nov,4303705881,HIRS,20907,Wilson,NC,10/31/2024,20:00,10/30/2024,20:30,,Y,N,,,,,
Milan,1-Nov,4303706174,HIRS,20346,HOUSTON,TX,11/3/2024,12:30,10/31/2024,19:10,,Y,N,,,,,
Milan,1-Nov,4303707548,CPU,,DORAL,FL,10/31/2024,11:11,,0:00,,Y,N,,,,,
Milan,1-Nov,4303707881,SHKE,80034,CHILLICOTHE,MO,11/1/2024,4:00,11/1/2024,0:13,,Y,N,,,,,
Milan,1-Nov,4303707982,CPU,,DELEGACION BENITO JUAREZ,CMX,10/31/2024,11:11,,0:00,,Y,N,,,,,
Milan,1-Nov,4303708188,CPU,,MISSISSAUGA,ON,11/1/2024,11:11,,0:00,,Y,N,,,,,
Milan,1-Nov,4303709392,HIRS,20165,Wilson,NC,11/2/2024,20:00,10/31/2024,23:41,,Y,N,,,,,
Milan,1-Nov,4303709415,HIRS,,Wilson,NC,11/2/2024,20:00,,0:00,,Y,N,,,,,
Milan,1-Nov,5000262105,SHKE,DM#1/80335,Des Moines,IA,10/30/2024,12:40,10/30/2024,12:40,,Y,N,,,,,
Milan,1-Nov,5000262206,SHKE,DM#2/80108,Des Moines,IA,10/31/2024,12:50,10/31/2024,12:50,,Y,N,,,,,
Milan,1-Nov,5000262246,SHKE,CR#1/80071,Des Moines,IA,10/31/2024,15:19,10/31/2024,15:19,,Y,N,,,,,
Milan,1-Nov,5000262253,SHKE,C#3/8694,Chillicothe,MO,10/31/2024,16:55,10/31/2024,16:55,,Y,N,,,,,
Milan,1-Nov,5000262264,SHKE,CUT#3/80049,Chillicothe,MO,10/31/2024,20:20,10/31/2024,20:20,,Y,N,,,,,
Milan,1-Nov,4303700819,TSL,ECMU7169134,EDGERTON,KS,,,10/31/2024,13:25,,,,,,,,
Milan,1-Nov,4303700937,TSL,TTNU8163574,EDGERTON,KS,,,10/30/2024,12:18,,,,,,,,
Milan,1-Nov,4303705652,TSL,AMCU9374534,EDGERTON,KS,,,10/30/2024,23:21,,,,,,,,
Milan,1-Nov,4303700817,TSL,TEMU9885780,EDGERTON,KS,,,10/31/2024,9:37,,,,,,,,
Milan,1-Nov,4303705217,CPU,ECMU41819299,MIAMI,FL,,,10/31/2024,14:08,,,,,,,,
Crete,2-Nov,5000262349,AKHT,53484,Greenfield,IN,11/1/2024,22:47,11/1/2024,22:47,,Y,N,Y,,,,
Crete,2-Nov,4303704773,AKHT,5321002,BURGAW,NC,11/3/2024,14:30,10/31/2024,20:11,,Y,N,N,,,,
Crete,2-Nov,4303702220,AKHT,53556,Wichita,KS,11/4/2024,0:00,11/1/2024,10:23,,Y,N,N,,,,
Crete,2-Nov,4303697587,AKHT,5324625,Cudahy,WI,11/4/2024,10:00,10/31/2024,9:00,,Y,N,N,,,,
Crete,2-Nov,4303702306,AKHT,5321022,Wichita,KS,11/5/2024,0:00,11/1/2024,15:08,,Y,N,N,,,,
Crete,2-Nov,5000262341,BTDQ,259,Olathe,KS,11/1/2024,12:39,11/1/2024,12:39,,Y,N,Y,,,,
Crete,2-Nov,4303706527,BTDQ,246,LINCOLN,NE,11/2/2024,7:00,11/1/2024,21:59,,Y,N,N,,,,
Crete,2-Nov,4303706904,CPU,120,COMMERCE CITY,CO,11/2/2024,11:11,11/1/2024,13:39,,Y,N,N,,,,
Crete,2-Nov,4303661228,ENGC,26733,HIDALGO,TX,11/2/2024,10:00,11/2/2024,1:14,,Y,N,N,,,,
Crete,2-Nov,5000262347,FRFT,918,Olathe,KS,11/1/2024,18:32,11/1/2024,18:32,,Y,N,Y,,,,
Crete,2-Nov,4303702558,FRFT,317,Omaha,NE,11/4/2024,0:30,11/1/2024,10:44,,Y,N,N,,,,
Crete,2-Nov,5000262069,HIRP,30040,Olathe,KS,10/30/2024,11:51,10/30/2024,11:51,,Y,N,Y,,,,
Crete,2-Nov,5000262155,HIRP,30780,Olathe,KS,10/30/2024,19:34,10/30/2024,19:34,,Y,N,Y,,,,
Crete,2-Nov,5000262213,HIRP,20798,Olathe,KS,10/31/2024,17:33,10/31/2024,17:33,,Y,N,Y,,,,
Crete,2-Nov,5000262351,HIRP,91674,Greenfield,IN,11/1/2024,13:26,11/1/2024,13:26,,Y,N,Y,,,,
Crete,2-Nov,4303707202,HIRP,95297,DUBUQUE,IA,11/3/2024,20:00,10/31/2024,13:06,,Y,N,N,,,,
Crete,2-Nov,4303695324,HIRS,469,Tar Heel,NC,11/2/2024,9:30,10/31/2024,12:55,,Y,N,Y,,,,
Crete,2-Nov,4303706434,HIRS,91787,SAN ANTONIO,TX,11/3/2024,17:30,11/2/2024,0:13,,Y,N,N,,,,
Crete,2-Nov,4303705889,HIRS,30574,Tar Heel,NC,11/4/2024,4:30,11/1/2024,17:30,,Y,N,Y,,,,
Crete,2-Nov,4303705697,HIRS,h20687,Tar Heel,NC,11/4/2024,6:30,11/1/2024,20:48,,Y,N,Y,,,,
Crete,2-Nov,5000262262,JOFD,7774,Greenfield,IN,10/31/2024,16:30,10/31/2024,16:30,,Y,N,Y,,,,
Crete,2-Nov,4303702141,JOFD,7851,Lincoln,NE,11/4/2024,4:30,11/1/2024,21:37,,Y,N,N,,,,
Crete,2-Nov,4303700266,MOEE,363,Lincoln,NE,11/4/2024,4:30,11/1/2024,12:30,,Y,N,N,,,,
Crete,2-Nov,4303700268,MOEE,370,Lincoln,NE,11/5/2024,4:30,11/2/2024,0:57,,Y,N,N,,,,
Crete,2-Nov,4303694707,MOEE,3049,SIOUX CITY,IA,11/4/2024,1:30,11/2/2024,1:39,,Y,N,N,,,,
Crete,2-Nov,4303655656,PRIJ,251228,NOGALES,AZ,11/1/2024,18:30,11/1/2024,16:56,,Y,N,N,,,,
Crete,2-Nov,4303666898,PRIJ,215160,Salt Lake City,UT,11/2/2024,17:30,11/1/2024,8:01,,Y,N,N,,,,
Crete,2-Nov,4303698078,PRIJ,247038,MOORE,OK,11/4/2024,6:30,11/1/2024,20:40,,Y,N,N,,,,
Crete,2-Nov,4303697649,PRIJ,201503,Cudahy,WI,11/5/2024,9:00,11/1/2024,23:36,,Y,N,N,,,,
Crete,2-Nov,5000262345,PTGB,1192,Olathe,KS,11/1/2024,17:23,11/1/2024,17:23,,Y,N,Y,,,,
Crete,2-Nov,5000262390,PTGB,1183,Olathe,KS,11/1/2024,23:21,11/1/2024,23:21,,Y,N,Y,,,,
Crete,2-Nov,4303706589,PTGB,1185,Omaha,NE,11/4/2024,3:30,10/31/2024,10:42,,Y,N,N,,,,
Crete,2-Nov,4303702559,PTGB,1148,Omaha,NE,11/4/2024,8:30,10/31/2024,20:48,,Y,N,N,,,,
Clinton,2-Nov,4303707393,SHGR,52307,Greenfield,IN,11/1/2024,10:30,10/30/2024,23:06,,,,,,,,
Clinton,2-Nov,4303690892,PRIJ,191354,OKLAHOMA CITY,OK,11/2/2024,7:30,11/2/2024,1:30,,,,,,,,
Clinton,2-Nov,4303707250,PRIJ,180766,Springfield,MA,11/2/2024,16:30,11/1/2024,5:51,,,,,,,,
Clinton,2-Nov,4303701866,PRIJ,232332,Kansas City,MO,11/2/2024,21:00,10/31/2024,11:45,,,,,,,,
Clinton,2-Nov,4303701867,PRIJ,200954,Kansas City,MO,11/2/2024,21:00,10/31/2024,17:44,,,,,,,,
Clinton,2-Nov,4303701915,DMCC,10025,Kansas City,MO,11/2/2024,21:00,10/31/2024,17:48,,,,,,,,
Clinton,2-Nov,4303702002,DMCC,14242,Kansas City,MO,11/2/2024,21:00,10/31/2024,5:43,,,,,,,,
Clinton,2-Nov,4303691073,PRIJ,253249,OKLAHOMA CITY,OK,11/3/2024,3:30,11/1/2024,13:03,,,,,,,,
Clinton,2-Nov,4303701597,AKHT,53283,Lincoln,NE,11/3/2024,16:00,11/1/2024,0:53,,,,,,,,
Clinton,2-Nov,4303701827,HIRP,H30127,Lincoln,NE,11/3/2024,16:00,10/31/2024,6:19,,,,,,,,
Clinton,2-Nov,4303701965,AKHT,S5321008,Lincoln,NE,11/3/2024,16:00,11/1/2024,5:23,,,,,,,,
Clinton,2-Nov,4303702006,AKHT,S5322118,Lincoln,NE,11/3/2024,16:00,10/31/2024,22:48,,,,,,,,
Clinton,2-Nov,4303701957,STVV,17538,Kansas City,MO,11/3/2024,17:30,11/1/2024,9:19,,,,,,,,
Clinton,2-Nov,4303701824,PRIJ,215061,Kansas City,MO,11/3/2024,20:00,11/1/2024,9:19,,,,,,,,
Clinton,2-Nov,4303702003,PRIJ,200815,Kansas City,MO,11/3/2024,20:00,11/1/2024,17:25,,,,,,,,
Clinton,2-Nov,4303702786,HIRS,T91739,Middlesboro,KY,11/3/2024,20:00,11/2/2024,0:34,,,,,,,,
Clinton,2-Nov,4303701868,STVV,18597,Kansas City,MO,11/3/2024,21:00,11/1/2024,22:04,,,,,,,,
Clinton,2-Nov,4303709423,PRIJ,241693,Greenfield,IN,11/4/2024,10:30,11/2/2024,0:34,,,,,,,,
Clinton,2-Nov,4303711262,CRED,27553,North East,MD,11/4/2024,12:00,11/1/2024,19:21,,,,,,,,
Sioux Falls,2-Nov,4303675857,CPU,081 TNS,MOORE,OK,11/1/2024,11:11,11/1/2024,5:15,,,,,,,,
Sioux Falls,2-Nov,4303711179,CPU,1100 EFFORT,PLANO,TX,11/1/2024,11:11,11/2/2024,1:34,,,,,,,,
Sioux Falls,2-Nov,4303705375,BTIK,1801,Olathe,KS,11/1/2024,16:00,10/31/2024,12:18,,,,,,,,
Sioux Falls,2-Nov,4303697246,HIRP,30649,Tar Heel,NC,11/1/2024,16:30,10/30/2024,12:23,,,,,,,,
Sioux Falls,2-Nov,4303699803,STVV,16335,North East,MD,11/1/2024,23:30,10/31/2024,14:06,,,,,,,,
Sioux Falls,2-Nov,4303698853,LSNC,957,Orange City,IA,11/2/2024,3:30,11/2/2024,3:22,,,,,,,,
Sioux Falls,2-Nov,4303706695,PRIJ,201934,OAKLAND,CA,11/2/2024,3:30,10/31/2024,15:03,,,,,,,,
Sioux Falls,2-Nov,4303697481,EHOF,20789,Greenfield,IN,11/2/2024,5:30,10/31/2024,12:52,,,,,,,,
Sioux Falls,2-Nov,4303707005,PRIJ,201943,OAKLAND,CA,11/2/2024,7:30,10/31/2024,16:17,,,,,,,,
Sioux Falls,2-Nov,4303697560,KBTO,12330,Greenfield,IN,11/2/2024,8:30,11/1/2024,1:42,,,,,,,,
Sioux Falls,2-Nov,4303704669,HIRS,H40210,HARMONY,PA,11/2/2024,10:30,11/1/2024,12:03,,,,,,,,
Sioux Falls,2-Nov,4303705737,HIRS,6703,SAN ANTONIO,TX,11/2/2024,11:00,11/1/2024,10:15,,,,,,,,
Sioux Falls,2-Nov,4303703754,SHAF,839630,North East,MD,11/2/2024,11:30,11/1/2024,8:04,,,,,,,,
Sioux Falls,2-Nov,4303706896,JOFD,8343,OAKLAND,CA,11/2/2024,11:30,11/1/2024,12:14,,,,,,,,
Sioux Falls,2-Nov,4303701048,TAMI,262012,MILLERSBURG,OH,11/2/2024,12:00,10/31/2024,11:31,,,,,,,,
Sioux Falls,2-Nov,4303685892,CGVR,R22408,Salt Lake City,UT,11/2/2024,14:00,11/2/2024,1:58,,,,,,,,
Sioux Falls,2-Nov,4303686023,CGVR,24134,Salt Lake City,UT,11/2/2024,14:00,11/2/2024,3:23,,,,,,,,
Sioux Falls,2-Nov,4303706070,STVV,19525,Wilson,NC,11/2/2024,14:00,11/1/2024,9:45,,,,,,,,
Sioux Falls,2-Nov,4303697604,DKCR,9387,Greenfield,IN,11/2/2024,15:30,11/1/2024,2:14,,,,,,,,
Sioux Falls,2-Nov,4303706723,JOFD,8138,CLINTON,OK,11/2/2024,21:00,11/2/2024,3:08,,,,,,,,
Sioux Falls,2-Nov,4303701045,PRIJ,253061,SPRINGFIELD,MO,11/2/2024,22:00,11/2/2024,0:56,,,,,,,,
Sioux Falls,2-Nov,4303705337,JOFD,8087,Greenfield,IN,11/3/2024,0:30,11/1/2024,19:26,,,,,,,,
Sioux Falls,2-Nov,4303699533,AKHT,5324589,Greenfield,IN,11/3/2024,1:30,11/1/2024,8:30,,,,,,,,
Sioux Falls,2-Nov,4303705476,JOFD,8094,Greenfield,IN,11/3/2024,1:30,11/1/2024,18:34,,,,,,,,
Sioux Falls,2-Nov,4303709054,SFHM,5370 AMB,SAN DIEGO,CA,11/3/2024,2:00,11/1/2024,16:04,,,,,,,,
Sioux Falls,2-Nov,4303707681,PRIJ,190208,CHICAGO,IL,11/3/2024,2:30,10/31/2024,18:50,,,,,,,,
Sioux Falls,2-Nov,4303700519,PRIJ,241409,Saint Charles,IL,11/3/2024,6:00,11/2/2024,1:33,,,,,,,,
Sioux Falls,2-Nov,4303597415,BTIK,1751,CHICAGO,IL,11/3/2024,6:30,11/1/2024,7:34,,,,,,,,
Sioux Falls,2-Nov,4303697627,AKHT,S5322125,Tar Heel,NC,11/3/2024,6:30,11/1/2024,5:59,,,,,,,,
Sioux Falls,2-Nov,4303706175,JOFD,8370,Tar Heel,NC,11/3/2024,6:30,11/1/2024,2:27,,,,,,,,
Sioux Falls,2-Nov,4303704654,SFHM,T4 Premier,CALUMET CITY,IL,11/3/2024,7:00,11/1/2024,16:42,,,,,,,,
Sioux Falls,2-Nov,4303672941,BTIK,1783,MONTGOMERY,IL,11/3/2024,7:30,11/1/2024,12:05,,,,,,,,
Sioux Falls,2-Nov,4303702460,KNJT,82114,Cudahy,WI,11/3/2024,8:00,11/1/2024,16:24,,,,,,,,
Sioux Falls,2-Nov,4303702526,KNJT,50017,Cudahy,WI,11/3/2024,8:00,11/1/2024,15:42,,,,,,,,
Sioux Falls,2-Nov,4303702527,AKHT,S5321013,Cudahy,WI,11/3/2024,8:00,11/1/2024,18:59,,,,,,,,
Sioux Falls,2-Nov,4303705298,SQCV,83,HOUSTON,TX,11/3/2024,8:00,11/1/2024,18:35,,,,,,,,
Sioux Falls,2-Nov,4303705404,HIRS,H30462,HOUSTON,TX,11/3/2024,8:00,11/2/2024,0:19,,,,,,,,
Sioux Falls,2-Nov,4303702142,JOFD,8082,Wichita,KS,11/3/2024,9:00,11/2/2024,2:14,,,,,,,,
Sioux Falls,2-Nov,4303705224,HIRS,H30301,TEMPLE,TX,11/3/2024,10:00,11/1/2024,2:14,,,,,,,,
Sioux Falls,2-Nov,4303702418,SFHM,343 Polar Exp,Cudahy,WI,11/3/2024,11:00,11/1/2024,22:26,,,,,,,,
Sioux Falls,2-Nov,4303705980,HIRP,6731,Greenfield,IN,11/3/2024,12:30,11/1/2024,13:12,,,,,,,,
Sioux Falls,2-Nov,4303710951,HIRS,20152,Wilson,NC,11/3/2024,13:00,11/1/2024,16:57,,,,,,,,
Sioux Falls,2-Nov,4303705352,JOFD,8072,Greenfield,IN,11/3/2024,15:30,11/1/2024,5:41,,,,,,,,
Sioux Falls,2-Nov,4303710799,PBTI,1026,Peru,IN,11/3/2024,15:30,11/1/2024,19:49,,,,,,,,
Sioux Falls,2-Nov,4303699572,HIRP,H40167,ABBOTSFORD,WI,11/3/2024,17:30,11/1/2024,7:43,,,,,,,,
Sioux Falls,2-Nov,4303706782,DKCR,9403,MADISON,WI,11/3/2024,19:30,11/2/2024,3:24,,,,,,,,
Sioux Falls,2-Nov,4303702099,HLBO,579744,Junction City,KS,11/3/2024,21:00,11/1/2024,23:30,,,,,,,,
Sioux Falls,2-Nov,4303703952,WWIK,5097,MOUNT PLEASANT,IA,11/3/2024,21:30,11/2/2024,0:10,,,,,,,,
Sioux Falls,2-Nov,4303703954,JOFD,7640,MOUNT PLEASANT,IA,11/3/2024,23:30,11/1/2024,0:12,,,,,,,,
Sioux Falls,2-Nov,4303701918,SHAF,839248,Lincoln,NE,11/4/2024,0:00,11/1/2024,16:17,,,,,,,,
Sioux Falls,2-Nov,4303701966,HIRP,30587,Lincoln,NE,11/4/2024,0:00,11/1/2024,9:02,,,,,,,,
Sioux Falls,2-Nov,4303700735,JOFD,7995,Mason City,IA,11/4/2024,2:00,11/1/2024,21:28,,,,,,,,
Sioux Falls,2-Nov,4303701959,PTGB,1194,Lincoln,NE,11/4/2024,2:00,11/1/2024,22:54,,,,,,,,
Sioux Falls,2-Nov,4303704727,HEYL,22108,ORANGE CITY,IA,11/4/2024,2:30,10/31/2024,19:49,,,,,,,,
Sioux Falls,2-Nov,4303704882,JOFD,7620,ORANGE CITY,IA,11/4/2024,2:30,10/31/2024,21:11,,,,,,,,
Sioux Falls,2-Nov,4303697579,HIRP,7495,Olathe,KS,11/4/2024,3:00,11/2/2024,2:22,,,,,,,,
Sioux Falls,2-Nov,4303702458,HIRS,40108,Omaha,NE,11/4/2024,3:00,11/2/2024,1:35,,,,,,,,
Sioux Falls,2-Nov,4303701805,BTIK,1699,Lincoln,NE,11/4/2024,4:00,11/1/2024,13:26,,,,,,,,
Sioux Falls,2-Nov,4303699926,JOFD,7976,Sioux Center,IA,11/4/2024,4:30,11/1/2024,18:52,,,,,,,,
Sioux Falls,2-Nov,4303697834,JOFD,7684,Sioux Center,IA,11/4/2024,5:00,10/31/2024,22:09,,,,,,,,
Sioux Falls,2-Nov,4303700213,JOFD,7983,Sioux Center,IA,11/4/2024,5:00,11/1/2024,0:35,,,,,,,,
Sioux Falls,2-Nov,4303702506,HEYL,25108,Omaha,NE,11/4/2024,5:00,11/2/2024,0:10,,,,,,,,
Sioux Falls,2-Nov,4303705477,RDXO,531517,Olathe,KS,11/4/2024,5:00,11/1/2024,15:57,,,,,,,,
Sioux Falls,2-Nov,4303706149,RDXO,R531281,Olathe,KS,11/4/2024,5:00,11/1/2024,10:15,,,,,,,,
Sioux Falls,2-Nov,4303699435,AKHT,5323424,Tar Heel,NC,11/4/2024,5:30,11/1/2024,22:20,,,,,,,,
Sioux Falls,2-Nov,4303707747,WWIK,5115,Olathe,KS,11/4/2024,6:00,11/1/2024,22:26,,,,,,,,
Sioux Falls,2-Nov,4303708302,HIRS,H40217,HOUSTON,TX,11/4/2024,8:00,11/2/2024,0:58,,,,,,,,
Sioux Falls,2-Nov,4303697236,JOFD,8029,Greenfield,IN,11/4/2024,8:30,11/1/2024,13:43,,,,,,,,
Sioux Falls,2-Nov,4303704068,DKCR,9415,BELGIUM,WI,11/4/2024,10:30,11/2/2024,2:00,,,,,,,,
Sioux Falls,2-Nov,4303703953,HIRS,T91470,TEMPLE,TX,11/4/2024,14:00,11/2/2024,0:09,,,,,,,,
Sioux Falls,2-Nov,4303700503,NTWD,2264,WASHINGTON COURT HOUSE,OH,11/4/2024,15:00,11/2/2024,1:39,,,,,,,,
Sioux Falls,2-Nov,4303697486,JOFD,8099,Greenfield,IN,11/4/2024,15:30,11/1/2024,16:24,,,,,,,,
Sioux Falls,2-Nov,4303697563,JOFD,8328,Greenfield,IN,11/4/2024,15:30,11/2/2024,2:25,,,,,,,,
Denison,2-Nov,5000262238,JOFD,8097,Des Moines,IA,10/31/2024,11:22,10/31/2024,11:22,,,,,,,,
Denison,2-Nov,4303705137,PRIJ,190946,JACKSONVILLE,FL,11/1/2024,6:30,10/31/2024,13:50,,,,,,,,
Denison,2-Nov,5000262328,MOEE,365,Des Moines,IA,11/1/2024,11:38,11/1/2024,11:38,,,,,,,,
Denison,2-Nov,5000260912,HEYL,24022,Des Moines,IA,11/1/2024,14:30,11/1/2024,14:30,,,,,,,,
Denison,2-Nov,5000262354,BITD,16T16,Des Moines,IA,11/1/2024,15:39,11/1/2024,15:39,,,,,,,,
Denison,2-Nov,5000262356,PTGB,1180,Des Moines,IA,11/1/2024,16:09,11/1/2024,16:09,,,,,,,,
Denison,2-Nov,4303705963,HLBO,579495,Olathe,KS,11/1/2024,17:00,11/1/2024,11:55,,,,,,,,
Denison,2-Nov,4303565837,HIRS,30613,SELINSGROVE,PA,11/2/2024,1:00,10/31/2024,23:08,,,,,,,,
Denison,2-Nov,4303705021,PRIJ,190182,BLACK MOUNTAIN,NC,11/2/2024,3:00,10/31/2024,23:41,,,,,,,,
Denison,2-Nov,4303707826,HIRS,40161,SAN DIEGO,CA,11/2/2024,5:30,10/31/2024,17:08,,,,,,,,
Denison,2-Nov,4303704692,PRIJ,210219,DACULA,GA,11/2/2024,9:00,11/2/2024,1:25,,,,,,,,
Denison,2-Nov,4303705013,PRIJ,201430,BURGAW,NC,11/2/2024,13:00,11/2/2024,0:53,,,,,,,,
Denison,2-Nov,4303704768,HIRS,40226,MCKEES ROCKS,PA,11/2/2024,15:30,11/1/2024,0:22,,,,,,,,
Denison,2-Nov,4303708172,HIRS,31045,YOAKUM,TX,11/2/2024,15:30,11/1/2024,11:32,,,,,,,,
Denison,2-Nov,4303702131,HIRP,30433,DUBUQUE,IA,11/2/2024,16:30,11/1/2024,11:58,,,,,,,,
Denison,2-Nov,4303706111,HIRS,20821,COMMERCE,CA,11/2/2024,16:30,11/1/2024,15:55,,,,,,,,
Denison,2-Nov,4303707576,HLBO,579658,Olathe,KS,11/2/2024,17:00,11/2/2024,1:34,,,,,,,,
Denison,2-Nov,4303704670,HIRS,211,TRACY,CA,11/3/2024,0:30,11/1/2024,23:09,,,,,,,,
Denison,2-Nov,4303701883,NTWD,5577,Peru,IN,11/3/2024,4:30,11/1/2024,0:26,,,,,,,,
Denison,2-Nov,4303700616,PRIJ,201612,CHICAGO,IL,11/3/2024,8:00,10/31/2024,19:09,,,,,,,,
Denison,2-Nov,4303702445,PRIJ,240337,Cudahy,WI,11/3/2024,8:30,11/1/2024,11:03,,,,,,,,
Denison,2-Nov,4303702666,ASLO,532471,Cudahy,WI,11/3/2024,8:30,10/31/2024,11:03,,,,,,,,
Denison,2-Nov,4303707656,PRIJ,190203,Cudahy,WI,11/3/2024,8:30,10/31/2024,11:05,,,,,,,,
Denison,2-Nov,4303709701,HIRP,30200,Greenfield,IN,11/3/2024,12:00,11/1/2024,10:00,,,,,,,,
Denison,2-Nov,4303702492,HIRS,7187,Cudahy,WI,11/3/2024,16:30,11/1/2024,11:17,,,,,,,,
Denison,2-Nov,4303702569,HIRS,6612,Cudahy,WI,11/3/2024,17:30,11/1/2024,11:08,,,,,,,,
Denison,2-Nov,4303702473,HIRP,40206,Saint Charles,IL,11/3/2024,19:30,10/31/2024,9:24,,,,,,,,
Denison,2-Nov,4303706040,HIRP,40233,Greenfield,IN,11/4/2024,1:00,11/1/2024,17:12,,,,,,,,
Denison,2-Nov,4303684344,JOFD,8319,DES MOINES,IA,11/4/2024,2:00,11/1/2024,13:38,,,,,,,,
Denison,2-Nov,4303684442,JOFD,7966,DES MOINES,IA,11/4/2024,4:00,11/1/2024,13:23,,,,,,,,
Denison,2-Nov,4303684479,RDXO,531702,DES MOINES,IA,11/4/2024,5:00,11/1/2024,13:41,,,,,,,,
Denison,2-Nov,4303684469,MOEE,3056,DES MOINES,IA,11/4/2024,6:00,11/1/2024,16:16,,,,,,,,
Denison,2-Nov,4303684585,JOFD,7929,DES MOINES,IA,11/4/2024,9:00,11/1/2024,15:57,,,,,,,,
Denison,2-Nov,4303684586,JOFD,7894,DES MOINES,IA,11/4/2024,10:00,11/1/2024,15:44,,,,,,,,
Denison,2-Nov,4303702570,HIRP,20602,Cudahy,WI,11/4/2024,14:30,11/1/2024,19:23,,,,,,,,
Crete DC,3rd Nov,4303710005,PRIJ,232395,HERNANDO,MS,3/11/2024,3:30,3/11/2024,1:41,,,,,,,,
Crete DC,3rd Nov,4303704500,HIRS,172,North East,MD,3/11/2024,6:30,3/11/2024,3:04,,,,,,,,
Crete DC,3rd Nov,4303703532,PRIJ,A131,GRANDVIEW,WA,3/11/2024,12:30,3/11/2024,2:09,,,,,,,,
Crete DC,3rd Nov,4303707117,HLBO,579727,DENVER,CO,3/11/2024,13:30,3/11/2024,1:20,,,,,,,,
Crete DC,3rd Nov,4303696501,PRIJ,A107,SALT LAKE CITY,UT,3/11/2024,17:30,3/11/2024,1:52,,,,,,,,
Crete DC,3rd Nov,4303709042,STVV,17632,LAYTON,UT,3/11/2024,21:00,2/11/2024,17:32,,,,,,,,
Crete DC,3rd Nov,4303706544,RDXO,531315,Orange City,IA,4/11/2024,0:00,3/11/2024,2:25,,,,,,,,
Crete DC,3rd Nov,4303705763,PRIJ,240204,LOS LUNAS,NM,4/11/2024,10:00,3/11/2024,2:25,,,,,,,,
Crete DC,3rd Nov,4303704535,PRIJ,220422,Olathe,KS,4/11/2024,12:00,3/11/2024,3:37,,,,,,,,
Crete DC,3rd Nov,4303709017,WTRK,751,PICO RIVERA,CA,4/11/2024,19:00,2/11/2024,14:29,,,,,,,,
Crete DC,3rd Nov,5000262349,AKHT,53484,Greenfield,IN,1/11/2024,22:47,1/11/2024,22:47,,Y,N,Y,,,,
Crete DC,3rd Nov,4303704773,AKHT,5321002,BURGAW,NC,3/11/2024,14:30,10/31/2024,20:11,,Y,N,N,,,,
Crete DC,3rd Nov,4303702220,AKHT,53556,Wichita,KS,4/11/2024,0:00,1/11/2024,10:23,,Y,N,N,,,,
Crete DC,3rd Nov,4303697587,AKHT,5324625,Cudahy,WI,4/11/2024,10:00,10/31/2024,9:00,,Y,N,N,,,,
Crete DC,3rd Nov,4303702306,AKHT,5321022,Wichita,KS,5/11/2024,0:00,1/11/2024,15:08,,Y,N,N,,,,
Crete DC,3rd Nov,4303705698,AKHT,5324618,Tar Heel,NC,5/11/2024,2:30,2/11/2024,8:32,,Y,N,Y,,,,
Crete DC,3rd Nov,4303705444,AKHT,53478,Tar Heel,NC,5/11/2024,3:30,2/11/2024,8:34,,Y,N,Y,,,,
Crete DC,3rd Nov,5000262341,BTDQ,259,Olathe,KS,1/11/2024,12:39,1/11/2024,12:39,,Y,N,Y,,,,
Crete DC,3rd Nov,5000262439,BTDQ,266,Olathe,KS,2/11/2024,19:30,2/11/2024,19:30,,Y,N,Y,,,,
Crete DC,3rd Nov,4303702558,FRFT,317,Omaha,NE,4/11/2024,0:30,1/11/2024,10:44,,Y,N,N,,,,
Crete DC,3rd Nov,4303702466,FRFT,1018,Junction City,KS,5/11/2024,2:00,2/11/2024,19:25,,Y,N,N,,,,
Crete DC,3rd Nov,4303706593,FRFT,1118,Junction City,KS,5/11/2024,2:00,2/11/2024,19:34,,Y,N,N,,,,
Crete DC,3rd Nov,5000262347,FRFT,918,Olathe,KS,1/11/2024,18:32,1/11/2024,18:32,,Y,N,Y,,,,
Crete DC,3rd Nov,5000262069,HIRP,30040,Olathe,KS,10/30/2024,11:51,10/30/2024,11:51,,Y,N,Y,,,,
Crete DC,3rd Nov,5000262351,HIRP,91674,Greenfield,IN,1/11/2024,13:26,1/11/2024,13:26,,Y,N,Y,,,,
Crete DC,3rd Nov,4303706434,HIRS,91787,SAN ANTONIO,TX,3/11/2024,17:30,2/11/2024,0:13,,Y,N,N,,,,
Crete DC,3rd Nov,4303705889,HIRS,30574,Tar Heel,NC,4/11/2024,4:30,1/11/2024,17:30,,Y,N,Y,,,,
Crete DC,3rd Nov,4303705713,HIRS,50005,North East,MD,4/11/2024,5:30,2/11/2024,19:48,,Y,N,Y,,,,
Crete DC,3rd Nov,4303705697,HIRS,h20687,Tar Heel,NC,4/11/2024,6:30,1/11/2024,20:48,,Y,N,Y,,,,
Crete DC,3rd Nov,4303705888,HIRS,20902,North East,MD,4/11/2024,6:30,2/11/2024,22:48,,Y,N,Y,,,,
Crete DC,3rd Nov,4303711957,HLBO,579717,Le Mars,IA,5/11/2024,19:00,2/11/2024,8:31,,Y,N,N,,,,
Crete DC,3rd Nov,5000262440,JOFD,7999,Greenfield,IN,2/11/2024,19:30,2/11/2024,19:30,,Y,N,Y,,,,
Crete DC,3rd Nov,5000262262,JOFD,7774,Greenfield,IN,10/31/2024,16:30,10/31/2024,16:30,,Y,N,Y,,,,
Crete DC,3rd Nov,4303702141,JOFD,7851,Lincoln,NE,4/11/2024,4:30,1/11/2024,21:37,,Y,N,N,,,,
Crete DC,3rd Nov,4303694707,MOEE,3049,SIOUX CITY,IA,4/11/2024,1:30,2/11/2024,1:39,,Y,N,N,,,,
Crete DC,3rd Nov,4303700266,MOEE,363,Lincoln,NE,4/11/2024,4:30,1/11/2024,12:30,,Y,N,N,,,,
Crete DC,3rd Nov,4303700268,MOEE,370,Lincoln,NE,5/11/2024,4:30,2/11/2024,0:57,,Y,N,N,,,,
Crete DC,3rd Nov,4303706546,PRIJ,220419,ALSIP,IL,4/11/2024,1:30,,0:00,,Y,N,N,,,,
Crete DC,3rd Nov,4303698078,PRIJ,247038,MOORE,OK,4/11/2024,6:30,1/11/2024,20:40,,Y,N,N,,,,
Crete DC,3rd Nov,4303697649,PRIJ,201503,Cudahy,WI,5/11/2024,9:00,1/11/2024,23:36,,Y,N,N,,,,
Crete DC,3rd Nov,4303697755,PRIJ,215160,Cudahy,WI,6/11/2024,11:00,2/11/2024,19:31,,Y,N,N,,,,
Crete DC,3rd Nov,5000262424,PTGB,1172,Olathe,KS,2/11/2024,20:01,2/11/2024,20:01,,Y,N,Y,,,,
Crete DC,3rd Nov,4303702559,PTGB,1148,Omaha,NE,4/11/2024,8:30,10/31/2024,20:48,,Y,N,N,,,,
Crete,Nov-04,5000262349,AKHT,53484,Greenfield,IN,1/11/2024,22:47,1/11/2024,22:47,,Y,N,Y,,,,
Crete,Nov-04,4303704773,AKHT,5321002,BURGAW,NC,3/11/2024,14:30,10/31/2024,20:11,,Y,N,N,,,,
Crete,Nov-04,4303702220,AKHT,53556,Wichita,KS,4/11/2024,0:00,1/11/2024,10:23,,Y,N,N,,,,
Crete,Nov-04,4303697587,AKHT,5324625,Cudahy,WI,4/11/2024,10:00,10/31/2024,9:00,,Y,N,N,,,,
Crete,Nov-04,4303702306,AKHT,5321022,Wichita,KS,5/11/2024,0:00,1/11/2024,15:08,,Y,N,N,,,,
Crete,Nov-04,4303705698,AKHT,5324618,Tar Heel,NC,5/11/2024,2:30,2/11/2024,8:32,,Y,N,Y,,,,
Crete,Nov-04,4303705444,AKHT,53478,Tar Heel,NC,5/11/2024,3:30,2/11/2024,8:34,,Y,N,Y,,,,
Crete,Nov-04,5000262341,BTDQ,259,Olathe,KS,1/11/2024,12:39,1/11/2024,12:39,,Y,N,Y,,,,
Crete,Nov-04,5000262439,BTDQ,266,Olathe,KS,2/11/2024,19:30,2/11/2024,19:30,,Y,N,Y,,,,
Crete,Nov-04,4303702558,FRFT,317,Omaha,NE,4/11/2024,0:30,1/11/2024,10:44,,Y,N,N,,,,
Crete,Nov-04,4303702466,FRFT,1018,Junction City,KS,5/11/2024,2:00,2/11/2024,19:25,,Y,N,N,,,,
Crete,Nov-04,4303706593,FRFT,1118,Junction City,KS,5/11/2024,2:00,2/11/2024,19:34,,Y,N,N,,,,
Crete,Nov-04,5000262347,FRFT,918,Olathe,KS,1/11/2024,18:32,1/11/2024,18:32,,Y,N,Y,,,,
Crete,Nov-04,5000262069,HIRP,30040,Olathe,KS,10/30/2024,11:51,10/30/2024,11:51,,Y,N,Y,,,,
Crete,Nov-04,5000262351,HIRP,91674,Greenfield,IN,1/11/2024,13:26,1/11/2024,13:26,,Y,N,Y,,,,
Crete,Nov-04,4303706434,HIRS,91787,SAN ANTONIO,TX,3/11/2024,17:30,2/11/2024,0:13,,Y,N,N,,,,
Crete,Nov-04,4303705889,HIRS,30574,Tar Heel,NC,4/11/2024,4:30,1/11/2024,17:30,,Y,N,Y,,,,
Crete,Nov-04,4303705713,HIRS,50005,North East,MD,4/11/2024,5:30,2/11/2024,19:48,,Y,N,Y,,,,
Crete,Nov-04,4303705697,HIRS,h20687,Tar Heel,NC,4/11/2024,6:30,1/11/2024,20:48,,Y,N,Y,,,,
Crete,Nov-04,4303705888,HIRS,20902,North East,MD,4/11/2024,6:30,2/11/2024,22:48,,Y,N,Y,,,,
Crete,Nov-04,4303711957,HLBO,579717,Le Mars,IA,5/11/2024,19:00,2/11/2024,8:31,,Y,N,N,,,,
Crete,Nov-04,5000262440,JOFD,7999,Greenfield,IN,2/11/2024,19:30,2/11/2024,19:30,,Y,N,Y,,,,
Crete,Nov-04,5000262262,JOFD,7774,Greenfield,IN,10/31/2024,16:30,10/31/2024,16:30,,Y,N,Y,,,,
Crete,Nov-04,4303702141,JOFD,7851,Lincoln,NE,4/11/2024,4:30,1/11/2024,21:37,,Y,N,N,,,,
Crete,Nov-04,4303694707,MOEE,3049,SIOUX CITY,IA,4/11/2024,1:30,2/11/2024,1:39,,Y,N,N,,,,
Crete,Nov-04,4303700266,MOEE,363,Lincoln,NE,4/11/2024,4:30,1/11/2024,12:30,,Y,N,N,,,,
Crete,Nov-04,4303700268,MOEE,370,Lincoln,NE,5/11/2024,4:30,2/11/2024,0:57,,Y,N,N,,,,
Crete,Nov-04,4303706546,PRIJ,220419,ALSIP,IL,4/11/2024,1:30,,0:00,,Y,N,N,,,,
Crete,Nov-04,4303698078,PRIJ,247038,MOORE,OK,4/11/2024,6:30,1/11/2024,20:40,,Y,N,N,,,,
Crete,Nov-04,4303697649,PRIJ,201503,Cudahy,WI,5/11/2024,9:00,1/11/2024,23:36,,Y,N,N,,,,
Crete,Nov-04,4303697755,PRIJ,215160,Cudahy,WI,6/11/2024,11:00,2/11/2024,19:31,,Y,N,N,,,,
Crete,Nov-04,5000262424,PTGB,1172,Olathe,KS,2/11/2024,20:01,2/11/2024,20:01,,Y,N,Y,,,,
Crete,Nov-04,4303702559,PTGB,1148,Omaha,NE,4/11/2024,8:30,10/31/2024,20:48,,Y,N,N,,,,
Clinton,Nov-04,4303707393,SHGR,52307,Greenfield,IN,1/11/2024,10:30,10/30/2024,23:06,,Y,N,N,,,,
Clinton,Nov-04,4303706031,CPU,6203,MURPHY,TX,1/11/2024,20:00,2/11/2024,0:06,102,N,N,N,,,,
Clinton,Nov-04,4303706708,HIRP,6712,Cudahy,WI,2/11/2024,18:30,2/11/2024,22:06,102,N,N,N,,,,
Clinton,Nov-04,4303706787,STVV,16179,ALEXANDRIA,KY,3/11/2024,10:00,3/11/2024,14:25,603,N,N,N,,,,
Clinton,Nov-04,4303646194,HIRP,6289,WEST CHICAGO,IL,3/11/2024,15:30,3/11/2024,15:01,,Y,N,N,,,,
Clinton,Nov-04,4303702462,TAMI,106020,Springfield,MA,3/11/2024,15:30,3/11/2024,13:29,,Y,N,N,,,,
Clinton,Nov-04,4303701965,AKHT,S5321008,Lincoln,NE,3/11/2024,16:00,1/11/2024,5:23,,Y,N,N,,,,
Clinton,Nov-04,4303702403,HIRS,H20876,Cudahy,WI,3/11/2024,17:30,3/11/2024,15:57,,Y,N,N,,,,
Clinton,Nov-04,4303701823,AKHT,LPC,Kansas City,MO,3/11/2024,20:00,2/11/2024,20:38,,Y,N,N,,,,
Clinton,Nov-04,4303702505,ENGD,27425,Arnold,PA,4/11/2024,5:30,3/11/2024,15:49,,Y,N,N,,,,
Clinton,Nov-04,4303686644,CPU,6242,MURPHY,TX,4/11/2024,10:11,3/11/2024,14:28,,Y,N,N,,,,
Clinton,Nov-04,4303709423,PRIJ,241693,Greenfield,IN,4/11/2024,10:30,2/11/2024,0:34,,Y,N,N,,,,
Clinton,Nov-04,4303697741,AKHT,STOR-25823,Peru,IN,4/11/2024,14:30,1/11/2024,21:28,,Y,N,N,,,,
Clinton,Nov-04,4303668083,JJBF,26126,TRENTON,NJ,5/11/2024,5:00,2/11/2024,6:50,,Y,N,N,,,,
Clinton,Nov-04,4303697675,HIRP,H30825,Cudahy,WI,5/11/2024,19:30,2/11/2024,10:58,,Y,N,N,,,,
Clinton,Nov-04,4303709695,PRIJ,240215,AMARILLO,TX,6/11/2024,8:00,2/11/2024,18:57,,Y,N,N,,,,
Denison,Nov-04,5000262238,JOFD,8097,Des Moines,IA,10/31/2024,11:22,10/31/2024,11:22,,,,,,,,
Denison,Nov-04,5000262328,MOEE,365,Des Moines,IA,1/11/2024,11:38,1/11/2024,11:38,,,,,,,,
Denison,Nov-04,5000260912,HEYL,24022,Des Moines,IA,1/11/2024,14:30,1/11/2024,14:30,,,,,,,,
Denison,Nov-04,5000262354,BITD,16T16,Des Moines,IA,1/11/2024,15:39,1/11/2024,15:39,,,,,,,,
Denison,Nov-04,5000262356,PTGB,1180,Des Moines,IA,1/11/2024,16:09,1/11/2024,16:09,,,,,,,,
Denison,Nov-04,4303706111,HIRS,20821,COMMERCE,CA,2/11/2024,16:30,1/11/2024,15:55,,,,,,,,
Denison,Nov-04,4303704670,HIRS,211,TRACY,CA,3/11/2024,0:30,1/11/2024,23:09,,,,,,,,
Denison,Nov-04,4303701883,NTWD,5577,Peru,IN,3/11/2024,4:30,1/11/2024,0:26,,,,,,,,
Denison,Nov-04,4303707715,AKHT,S5322288,Olathe,KS,3/11/2024,17:00,2/11/2024,19:21,,,,,,,,
Denison,Nov-04,4303706040,HIRP,40233,Greenfield,IN,4/11/2024,1:00,1/11/2024,17:12,,,,,,,,
Denison,Nov-04,4303706546,PRIJ,220419,ALSIP,IL,4/11/2024,1:30,,,,,,,,,,
Denison,Nov-04,4303706039,HIRP,31037,North East,MD,4/11/2024,2:00,2/11/2024,17:34,,,,,,,,
Denison,Nov-04,4303684479,RDXO,531702,DES MOINES,IA,4/11/2024,5:00,1/11/2024,13:41,,,,,,,,
Denison,Nov-04,4303707563,HIRP,7528,Greenfield,IN,4/11/2024,7:00,2/11/2024,16:39,,,,,,,,
Denison,Nov-04,4303707709,HIRP,20268,Greenfield,IN,4/11/2024,8:00,2/11/2024,10:36,,,,,,,,
Denison,Nov-04,4303684586,JOFD,7894,DES MOINES,IA,4/11/2024,10:00,1/11/2024,15:44,,,,,,,,
Denison,Nov-04,4303702570,HIRP,20602,Cudahy,WI,4/11/2024,14:30,1/11/2024,19:23,,,,,,,,
Sioux Falls,Nov-04,4303710447,STVV,15570 dmmxcbo#MonPrd,EL PASO,TX,3/11/2024,1:30,,,,,,,,,,
Sioux Falls,Nov-04,4303697627,AKHT,S5322125,Tar Heel,NC,3/11/2024,6:30,1/11/2024,5:59,,,,,,,,
Sioux Falls,Nov-04,4303705224,HIRS,H30301,TEMPLE,TX,3/11/2024,10:00,1/11/2024,2:14,,,,,,,,
Sioux Falls,Nov-04,4303697525,HIRS,PHN,North East,MD,3/11/2024,10:30,,,,,,,,,,
Sioux Falls,Nov-04,4303705980,HIRP,6731,Greenfield,IN,3/11/2024,12:30,1/11/2024,13:12,,,,,,,,
Sioux Falls,Nov-04,4303710737,STVV,19290,Wilson,NC,3/11/2024,13:00,2/11/2024,16:50,,,,,,,,
Sioux Falls,Nov-04,4303710951,HIRS,20152,Wilson,NC,3/11/2024,13:00,1/11/2024,16:57,,,,,,,,
Sioux Falls,Nov-04,4303705352,JOFD,8072,Greenfield,IN,3/11/2024,15:30,1/11/2024,5:41,,,,,,,,
Sioux Falls,Nov-04,4303700451,WWIK,5036,Lincoln,NE,4/11/2024,0:00,2/11/2024,19:19,,,,,,,,
Sioux Falls,Nov-04,4303703657,JOFD,7605,Carroll,IA,4/11/2024,1:00,2/11/2024,14:57,,,,,,,,
Sioux Falls,Nov-04,4303712024,LSNC,960 11-4/0705,Orange City,IA,4/11/2024,3:30,2/11/2024,17:28,,,,,,,,
Sioux Falls,Nov-04,4303705477,RDXO,531517,Olathe,KS,4/11/2024,5:00,1/11/2024,15:57,,,,,,,,
Sioux Falls,Nov-04,4303706149,RDXO,R531281,Olathe,KS,4/11/2024,5:00,1/11/2024,10:15,,,,,,,,
Sioux Falls,Nov-04,4303707747,WWIK,5115,Olathe,KS,4/11/2024,6:00,1/11/2024,22:26,,,,,,,,
Sioux Falls,Nov-04,4303672977,SFHM,346 Polar,MONTGOMERY,IL,4/11/2024,6:30,2/11/2024,15:08,,,,,,,,
Sioux Falls,Nov-04,4303597371,BTIK,1693,CHICAGO,IL,4/11/2024,7:30,2/11/2024,17:24,,,,,,,,
Sioux Falls,Nov-04,4303702192,KNJT,82139,Cudahy,WI,4/11/2024,8:00,2/11/2024,19:43,,,,,,,,
Sioux Falls,Nov-04,4303697236,JOFD,8029,Greenfield,IN,4/11/2024,8:30,1/11/2024,13:43,,,,,,,,
Sioux Falls,Nov-04,4303697756,JOFD,8061,Wichita,KS,4/11/2024,9:00,3/11/2024,1:14,,,,,,,,
Sioux Falls,Nov-04,4303705197,JOFD,7991,Saint James,MN,4/11/2024,9:30,2/11/2024,20:54,,,,,,,,
Sioux Falls,Nov-04,4303706815,SFHM,767 Brua,BELGIUM,WI,4/11/2024,9:30,2/11/2024,12:49,,,,,,,,
Sioux Falls,Nov-04,4303702522,BTIK,1795,Saint Charles,IL,4/11/2024,10:00,3/11/2024,0:17,,,,,,,,
Sioux Falls,Nov-04,4303706332,HIRS,T95373,SAN ANTONIO,TX,4/11/2024,10:00,2/11/2024,22:51,,,,,,,,
Sioux Falls,Nov-04,4303707564,AKHT,S5322321,Greenfield,IN,4/11/2024,11:30,2/11/2024,4:59,,,,,,,,
Sioux Falls,Nov-04,4303703953,HIRS,T91470,TEMPLE,TX,4/11/2024,14:00,2/11/2024,0:09,,,,,,,,
Sioux Falls,Nov-04,4303700503,NTWD,2264,WASHINGTON COURT HOUSE,OH,4/11/2024,15:00,2/11/2024,1:39,,,,,,,,
Sioux Falls,Nov-04,4303697486,JOFD,8099,Greenfield,IN,4/11/2024,15:30,1/11/2024,16:24,,,,,,,,
Sioux Falls,Nov-04,4303697563,JOFD,8328,Greenfield,IN,4/11/2024,15:30,2/11/2024,2:25,,,,,,,,
Sioux Falls,Nov-04,4303702249,RDXO,R531248,Junction City,KS,4/11/2024,17:30,3/11/2024,1:00,,,,,,,,
Sioux Falls,Nov-04,4303702010,RDXO,R531498,Lincoln,NE,5/11/2024,0:00,3/11/2024,2:12,,,,,,,,
Sioux Falls,Nov-04,4303702050,JOFD,7886,Lincoln,NE,5/11/2024,0:00,3/11/2024,4:03,,,,,,,,
Sioux Falls,Nov-04,4303701919,BTIK,1727,Lincoln,NE,5/11/2024,1:00,3/11/2024,1:29,,,,,,,,
Sioux Falls,Nov-04,4303704907,JOFD,7924,ORANGE CITY,IA,5/11/2024,2:30,2/11/2024,17:58,,,,,,,,
Sioux Falls,Nov-04,4303700369,NTWD,5546,WASHINGTON COURT HOUSE,OH,5/11/2024,13:00,2/11/2024,18:15,,,,,,,,
Milan,Nov-05,4303629331,SHKE,,CHILLICOTHE,MO,7/11/2024,6:00,,0:00,,Y,N,,,,,
Milan,Nov-05,4303644444,HIRS,30113,OKLAHOMA CITY,OK,5/11/2024,20:00,4/11/2024,17:57,,Y,N,,,,,
Milan,Nov-05,4303684473,SHKE,80071,DES MOINES,IA,5/11/2024,10:30,4/11/2024,7:34,,Y,N,,,,,
Milan,Nov-05,4303684476,PTGB,,DES MOINES,IA,6/11/2024,10:30,,0:00,,,,,,,,
Milan,Nov-05,4303684514,SHKE,,DES MOINES,IA,5/11/2024,11:30,,0:00,,,,,,,,
Milan,Nov-05,4303684624,SHKE,,DES MOINES,IA,5/11/2024,12:30,,0:00,,,,,,,,
Milan,Nov-05,4303691291,HIRS,20270,OKLAHOMA CITY,OK,3/11/2024,18:30,1/11/2024,10:43,,Y,N,,,,,
Milan,Nov-05,4303692156,HIRS,,Sioux City,IA,5/11/2024,21:30,,0:00,,,,,,,,
Milan,Nov-05,4303692159,RDXO,531279,Sioux City,IA,4/11/2024,21:30,4/11/2024,20:17,,Y,N,,,,,
Milan,Nov-05,4303695369,CPU,,TORONTO,ON,5/11/2024,11:11,,0:00,,,,,,,,
Milan,Nov-05,4303701889,PRIJ,201686,Peru,IN,6/11/2024,6:30,4/11/2024,23:55,,Y,N,,,,,
Milan,Nov-05,4303701981,PRIJ,241369,Peru,IN,6/11/2024,6:30,4/11/2024,13:49,,Y,N,,,,,
Milan,Nov-05,4303702247,HIRP,30268,Cudahy,WI,5/11/2024,17:30,2/11/2024,1:15,,Y,N,,,,,
Milan,Nov-05,4303702397,HIRP,,Cudahy,WI,5/11/2024,19:00,,0:00,,,,,,,,
Milan,Nov-05,4303702443,HIRP,40053,Cudahy,WI,6/11/2024,12:00,4/11/2024,23:24,,Y,N,,,,,
Milan,Nov-05,4303702531,STVV,19492,Smithfield,VA,4/11/2024,17:30,4/11/2024,17:06,,Y,N,,,,,
Milan,Nov-05,4303702547,HIRP,20540,Cudahy,WI,5/11/2024,11:00,4/11/2024,17:21,,Y,N,,,,,
Milan,Nov-05,4303702565,STVV,16512,Smithfield,VA,4/11/2024,17:30,4/11/2024,12:26,,Y,N,,,,,
Milan,Nov-05,4303702656,AKHT,5322320,Junction City,KS,5/11/2024,12:30,4/11/2024,13:38,,Y,N,,,,,
Milan,Nov-05,4303703590,SHKE,,COLUMBIA,MO,5/11/2024,14:00,,0:00,,,,,,,,
Milan,Nov-05,4303704289,RDXO,531459,SERGEANT BLUFF,IA,5/11/2024,22:30,5/11/2024,0:18,,Y,N,,,,,
Milan,Nov-05,4303705858,CPU,,MISSISSAUGA,ON,5/11/2024,11:11,,0:00,,,,,,,,
Milan,Nov-05,4303706631,CLLQ,,SALEM,OH,5/11/2024,2:00,,0:00,,,,,,,,
Milan,Nov-05,4303706665,RDXO,531185,SALEM,OH,5/11/2024,15:00,4/11/2024,21:31,,Y,N,,,,,
Milan,Nov-05,4303706671,HIRP,84,Omaha,NE,5/11/2024,5:30,5/11/2024,1:17,,Y,N,,,,,
Milan,Nov-05,4303706717,SHKE,80318,DES MOINES,IA,6/11/2024,6:30,4/11/2024,17:00,,Y,N,,,,,
Milan,Nov-05,4303706767,PRIJ,200971,DAVENPORT,IA,6/11/2024,0:00,4/11/2024,23:49,,Y,N,,,,,
Milan,Nov-05,4303706809,SHKE,8168,DES MOINES,IA,5/11/2024,6:30,4/11/2024,11:02,,Y,N,,,,,
Milan,Nov-05,4303706824,PRIJ,190795,HERNANDO,MS,5/11/2024,17:30,2/11/2024,4:26,,Y,N,,,,,
Milan,Nov-05,4303706903,SHKE,8085,DES MOINES,IA,5/11/2024,13:30,4/11/2024,14:38,,Y,N,,,,,
Milan,Nov-05,4303708612,AKHT,5322293,Peru,IN,5/11/2024,6:30,2/11/2024,1:09,,Y,N,,,,,
Milan,Nov-05,4303708855,CPU,,LOGAN,UT,4/11/2024,11:11,,0:00,,,,,,,,
Milan,Nov-05,4303709958,SHKE,80329,CHILLICOTHE,MO,5/11/2024,3:00,4/11/2024,17:51,,Y,N,,,,,
Milan,Nov-05,4303711028,AKHT,53394,Cudahy,WI,5/11/2024,8:00,4/11/2024,21:24,,Y,N,,,,,
Milan,Nov-05,4303711701,HIRS,20049,Cumming,GA,5/11/2024,18:30,4/11/2024,22:39,,Y,N,,,,,
Milan,Nov-05,4303711742,PTGB,1123,DES MOINES,IA,6/11/2024,9:30,4/11/2024,17:11,,Y,N,,,,,
Milan,Nov-05,5000262294,SHKE,DM2/8905,Des Moines,IA,4/11/2024,16:06,4/11/2024,16:06,,Y,N,,,,,
Milan,Nov-05,5000262295,SHKE,C#3/80387,Chillicothe,MO,4/11/2024,16:09,4/11/2024,16:09,,Y,N,,,,,
Milan,Nov-05,5000262452,SHKE,C#1/80305,Chillicothe,MO,4/11/2024,10:06,4/11/2024,10:06,,Y,N,,,,,
Milan,Nov-05,5000262456,SHKE,C#2/8255,Chillicothe,MO,4/11/2024,13:36,4/11/2024,13:36,,Y,N,,,,,
Milan,Nov-05,5000262481,SHKE,DM#1/80170,Des Moines,IA,4/11/2024,15:17,4/11/2024,15:17,,Y,N,,,,,
Milan,Nov-05,,,,,,,,,,,,,,,,,
Milan,Nov-05,4303710903,TSL,ONEU9043951,EDGERTON,KS,,,4/11/2024,8:37,,,,,,,,
Milan,Nov-05,4303705633,TSL,CGMU5233923,EDGERTON,KS,,,4/11/2024,13:08,,,,,,,,
Milan,Nov-05,4303705634,TSL,CGMU6521945,EDGERTON,KS,,,4/11/2024,23:29,,,,,,,,
Crete.,Nov-05,5000262349,AKHT,53484,Greenfield,IN,1/11/2024,22:47,1/11/2024,22:47,,Y,N,Y,,,,
Crete.,Nov-05,4303702306,AKHT,5321022,Wichita,KS,5/11/2024,0:00,1/11/2024,15:08,,Y,N,N,,,,
Crete.,Nov-05,4303705698,AKHT,5324618,Tar Heel,NC,5/11/2024,2:30,2/11/2024,8:32,,Y,N,Y,,,,
Crete.,Nov-05,4303705444,AKHT,53478,Tar Heel,NC,5/11/2024,3:30,2/11/2024,8:34,,Y,N,Y,,,,
Crete.,Nov-05,5000262493,BTDQ,252,Olathe,KS,4/11/2024,18:57,4/11/2024,18:57,,Y,N,Y,,,,
Crete.,Nov-05,5000262513,BTDQ,261,Olathe,KS,5/11/2024,0:48,5/11/2024,0:48,,Y,N,Y,,,,
Crete.,Nov-05,4303707237,BTDQ,245,LINCOLN,NE,5/11/2024,9:00,4/11/2024,20:45,,Y,N,N,,,,
Crete.,Nov-05,4303701796,BTDQ,450,Lincoln,NE,6/11/2024,4:30,4/11/2024,22:23,,Y,N,N,,,,
Crete.,Nov-05,5000262415,FRFT,317,Olathe,KS,4/11/2024,11:42,4/11/2024,11:42,,Y,N,Y,,,,
Crete.,Nov-05,4303706593,FRFT,1118,Junction City,KS,5/11/2024,2:00,2/11/2024,19:34,,Y,N,N,,,,
Crete.,Nov-05,5000262417,HIRP,282,Olathe,KS,4/11/2024,14:48,4/11/2024,14:48,,Y,N,Y,,,,
Crete.,Nov-05,5000262498,HIRP,95354,Greenfield,IN,5/11/2024,0:33,5/11/2024,0:33,,Y,N,Y,,,,
Crete.,Nov-05,4303705713,HIRS,50005,North East,MD,4/11/2024,5:30,2/11/2024,19:48,,Y,N,Y,,,,
Crete.,Nov-05,4303705955,HIRS,6744,Tar Heel,NC,6/11/2024,4:30,4/11/2024,10:33,,Y,N,Y,,,,
Crete.,Nov-05,4303706019,HIRS,6613,Tar Heel,NC,6/11/2024,5:30,4/11/2024,21:35,,Y,N,Y,,,,
Crete.,Nov-05,5000262440,JOFD,7999,Greenfield,IN,2/11/2024,19:30,2/11/2024,19:30,,Y,N,Y,,,,
Crete.,Nov-05,5000262483,JOFD,8068,Greenfield,IN,4/11/2024,16:54,4/11/2024,16:54,,Y,N,Y,,,,
Crete.,Nov-05,4303701697,MOEE,3047,Lincoln,NE,6/11/2024,4:30,5/11/2024,1:37,,Y,N,N,,,,
Crete.,Nov-05,4303702524,MOEE,3020,Omaha,NE,6/11/2024,5:30,5/11/2024,2:57,,Y,N,N,,,,
Crete.,Nov-05,4303709044,PRIJ,A75,CITY TERRACE,CA,4/11/2024,19:00,4/11/2024,12:27,,Y,N,N,,,,
Crete.,Nov-05,4303697755,PRIJ,215160,Cudahy,WI,6/11/2024,11:00,2/11/2024,19:31,,Y,N,N,,,,
Crete.,Nov-05,4303701830,PTGB,1159,Kansas City,MO,6/11/2024,0:00,4/11/2024,21:37,,Y,N,N,,,,
Crete.,Nov-05,4303707444,PTGB,1144,Omaha,NE,6/11/2024,3:30,4/11/2024,19:41,,Y,N,N,,,,
Denison,Nov-05,4303707715,AKHT,S5322288,Olathe,KS,3/11/2024,17:00,2/11/2024,19:21,,,,,,,,
Denison,Nov-05,4303706039,HIRP,31037,North East,MD,4/11/2024,2:00,2/11/2024,17:34,,,,,,,,
Denison,Nov-05,4303707563,HIRP,7528,Greenfield,IN,4/11/2024,7:00,2/11/2024,16:39,,,,,,,,
Denison,Nov-05,5000262464,HEYL,21062,Des Moines,IA,4/11/2024,11:51,4/11/2024,11:51,,,,,,,,
Denison,Nov-05,4303709613,HIRS,101,North East,MD,4/11/2024,14:00,4/11/2024,9:23,,,,,,,,
Denison,Nov-05,4303702620,ASLO,532082,Cudahy,WI,4/11/2024,14:30,4/11/2024,11:15,,,,,,,,
Denison,Nov-05,5000262472,BITD,18T07,Des Moines,IA,4/11/2024,14:53,4/11/2024,14:53,,,,,,,,
Denison,Nov-05,4303707777,HLBO,579644,Olathe,KS,4/11/2024,17:00,4/11/2024,10:40,,,,,,,,
Denison,Nov-05,4303709583,NTWD,2273,Greenfield,IN,4/11/2024,17:30,4/11/2024,21:58,201,,,,,,,
Denison,Nov-05,4303709611,HIRP,30499,Greenfield,IN,4/11/2024,17:30,4/11/2024,11:43,,,,,,,,
Denison,Nov-05,4303684443,JOFD,7779,DES MOINES,IA,5/11/2024,3:00,4/11/2024,21:24,,,,,,,,
Denison,Nov-05,4303704329,PRIJ,253096,DENVER,CO,5/11/2024,6:30,4/11/2024,19:11,,,,,,,,
Denison,Nov-05,4303696673,PRIJ,215938,LAREDO,TX,5/11/2024,8:30,4/11/2024,10:07,,,,,,,,
Denison,Nov-05,4303684345,JOFD,7620,DES MOINES,IA,5/11/2024,9:00,4/11/2024,14:26,,,,,,,,
Denison,Nov-05,4303684614,JOFD,7642,DES MOINES,IA,5/11/2024,9:00,4/11/2024,14:53,,,,,,,,
Denison,Nov-05,4303705521,STVV,16375,SAN ANTONIO,TX,5/11/2024,9:00,4/11/2024,22:17,,,,,,,,
Denison,Nov-05,4303709800,PRIJ,223100,LAREDO,TX,5/11/2024,9:30,4/11/2024,12:44,,,,,,,,
Denison,Nov-05,4303702618,HIRS,20023,Cudahy,WI,5/11/2024,16:30,4/11/2024,9:10,,,,,,,,
Denison,Nov-05,4303699945,HIRS,20192,OKLAHOMA CITY,OK,5/11/2024,20:30,4/11/2024,10:18,,,,,,,,
Denison,Nov-05,4303706770,HIRP,20647,Junction City,KS,6/11/2024,0:00,4/11/2024,11:28,,,,,,,,
Denison,Nov-05,4303696431,AGUV,J123,LAREDO,TX,6/11/2024,8:30,4/11/2024,20:16,,,,,,,,
Denison,Nov-05,4303702514,PRIJ,202107,Cudahy,WI,6/11/2024,8:30,4/11/2024,10:06,,,,,,,,
Denison,Nov-05,4303690893,PRIJ,180825,OKLAHOMA CITY,OK,6/11/2024,17:00,4/11/2024,10:49,,,,,,,,
Denison,Nov-05,4303705734,HIRP,20018,Crete,NE,5/11/2024,23:30,4/11/2024,21:09,,Y,N,,,,,
Denison,Nov-05,4303714221,WSEE,,PUYALLUP,WA,5/11/2024,2:00,,0:00,,Y,N,,,,,
Denison,Nov-05,4303694285,OTSD,2214,SAN DIEGO,CA,5/11/2024,4:30,5/11/2024,8:06,203,N,N,,,,,
Denison,Nov-05,4303708624,CPHL,,HOUSTON,TX,5/11/2024,10:00,,0:00,,Y,N,,,,,
Denison,Nov-05,4303705018,MOEE,3030,DES MOINES,IA,5/11/2024,14:00,5/11/2024,7:07,,Y,N,,,,,
sioux Falls,Nov-05,4303697525,HIRS,H40349,North East,MD,3/11/2024,10:30,4/11/2024,11:30,999,N,N,,,,,
sioux Falls,Nov-05,4303705477,RDXO,531517,Olathe,KS,4/11/2024,5:00,1/11/2024,15:57,,Y,N,,,,,
sioux Falls,Nov-05,4303697499,HIRS,H00514,North East,MD,4/11/2024,6:30,4/11/2024,7:34,999,N,N,,,,,
sioux Falls,Nov-05,4303697576,HIRS,H30098,North East,MD,4/11/2024,7:30,4/11/2024,9:58,999,N,N,,,,,
sioux Falls,Nov-05,4303707564,AKHT,S5322321,Greenfield,IN,4/11/2024,11:30,2/11/2024,4:59,,Y,N,,,,,
sioux Falls,Nov-05,4303699785,JJBF,5365 KOECH,BEDFORD,PA,4/11/2024,12:00,4/11/2024,20:34,999,N,N,,,,,
sioux Falls,Nov-05,4303702249,RDXO,R531248,Junction City,KS,4/11/2024,17:30,3/11/2024,1:00,,Y,N,,,,,
sioux Falls,Nov-05,4303703398,HEYL,20070 11/5 0600,Carroll,IA,4/11/2024,23:30,4/11/2024,10:59,,Y,N,,,,,
sioux Falls,Nov-05,4303703482,JOFD,7759,Carroll,IA,5/11/2024,0:30,4/11/2024,14:09,,Y,N,,,,,
sioux Falls,Nov-05,4303703659,HEYL,1844 11-5/0710,Carroll,IA,5/11/2024,1:00,5/11/2024,1:26,999,N,N,,,,,
sioux Falls,Nov-05,4303697248,HIRS,20064,Tar Heel,NC,5/11/2024,1:30,4/11/2024,21:21,,Y,N,,,,,
sioux Falls,Nov-05,4303698269,JOFD,7797 11/5 0440,Saint James,MN,5/11/2024,2:30,4/11/2024,15:09,,Y,N,,,,,
sioux Falls,Nov-05,4303692155,HIRS,H30841 11/5 0452,Sioux City,IA,5/11/2024,3:30,4/11/2024,19:22,,Y,N,,,,,
sioux Falls,Nov-05,4303708812,LSNC,957 11-5/0740,Orange City,IA,5/11/2024,3:30,5/11/2024,2:50,,Y,N,,,,,
sioux Falls,Nov-05,4303708277,WWIK,5095 11-5/0800,Olathe,KS,5/11/2024,4:00,4/11/2024,23:57,,Y,N,,,,,
sioux Falls,Nov-05,4303694461,JOFD,7756 11/5 0610,OAKLAND,IA,5/11/2024,4:30,5/11/2024,2:43,,Y,N,,,,,
sioux Falls,Nov-05,4303697750,WWIK,5140,Olathe,KS,5/11/2024,5:00,5/11/2024,0:47,,Y,N,,,,,
sioux Falls,Nov-05,4303698003,JOFD,7952 11/5 0500,Sioux Center,IA,5/11/2024,5:00,4/11/2024,9:47,,Y,N,,,,,
sioux Falls,Nov-05,4303700098,JOFD,7678 11/5 0550,Sioux Center,IA,5/11/2024,5:00,4/11/2024,19:18,,Y,N,,,,,
sioux Falls,Nov-05,4303702427,BTIK,1725,Saint Charles,IL,5/11/2024,5:00,4/11/2024,16:09,,Y,N,,,,,
sioux Falls,Nov-05,4303705377,WWIK,5039,Olathe,KS,5/11/2024,5:00,5/11/2024,5:58,,Y,N,,,,,
sioux Falls,Nov-05,4303710679,STVV,19396 11-5/0635,TEMPLE,TX,5/11/2024,5:30,5/11/2024,5:17,,Y,Y,,,,,
sioux Falls,Nov-05,4303711862,JOFD,7906 11/5 0445,Le Mars,IA,5/11/2024,5:30,5/11/2024,1:27,,Y,N,,,,,
sioux Falls,Nov-05,4303697641,WWIK,5125,Olathe,KS,5/11/2024,6:00,5/11/2024,1:24,,Y,N,,,,,
sioux Falls,Nov-05,4303702550,RDXO,R531311,Junction City,KS,5/11/2024,7:00,4/11/2024,22:08,,Y,N,,,,,
sioux Falls,Nov-05,4303707674,DKCR,9402,Cudahy,WI,5/11/2024,8:00,5/11/2024,1:27,,Y,N,,,,,
sioux Falls,Nov-05,4303697745,JOFD,7896,Wichita,KS,5/11/2024,9:00,5/11/2024,3:50,,Y,N,,,,,
sioux Falls,Nov-05,4303706823,TAMI,101419,SALEM,OH,5/11/2024,10:00,4/11/2024,22:12,,Y,N,,,,,
sioux Falls,Nov-05,4303707736,DKCR,9398,Tar Heel,NC,5/11/2024,11:30,4/11/2024,20:32,,Y,N,,,,,
sioux Falls,Nov-05,4303700369,NTWD,5546,WASHINGTON COURT HOUSE,OH,5/11/2024,13:00,2/11/2024,18:15,,Y,N,,,,,
sioux Falls,Nov-05,4303706900,STVV,19584,ONTARIO,CA,5/11/2024,13:00,4/11/2024,22:19,,Y,N,,,,,
Clinton,Nov-05,4303706708,HIRP,H00058,Cudahy,WI,2/11/2024,18:30,2/11/2024,22:06,102,N,N,N,,,,
Clinton,Nov-05,4303701837,AKHT,53281R,Peru,IN,3/11/2024,14:30,4/11/2024,21:13,502,N,N,N,,,,
Clinton,Nov-05,4303707655,AKHT,53183R,Greenfield,IN,4/11/2024,12:30,4/11/2024,10:13,,Y,N,N,,,,
Clinton,Nov-05,4303697741,AKHT,STOR-25823,Peru,IN,4/11/2024,14:30,1/11/2024,21:28,,Y,N,N,,,,
Clinton,Nov-05,4303702007,AKHT,53286R,Lincoln,NE,4/11/2024,18:00,4/11/2024,16:09,,Y,N,N,,,,
Clinton,Nov-05,4303646278,STVV,18626,WEST CHICAGO,IL,4/11/2024,19:30,5/11/2024,1:34,102,N,N,N,,,,
Clinton,Nov-05,4303701596,DMCC,FMZ12519,Kansas City,MO,4/11/2024,20:00,4/11/2024,13:37,,Y,N,N,,,,
Clinton,Nov-05,4303687416,CPU,6106,MURPHY,TX,5/11/2024,1:00,4/11/2024,22:33,,Y,N,N,,,,
Clinton,Nov-05,4303710885,PRIJ,241481,Greenfield,IN,5/11/2024,10:30,4/11/2024,13:25,,Y,N,N,,,,
Clinton,Nov-05,4303713173,CNYS,240-3R,North East,MD,5/11/2024,12:00,4/11/2024,19:36,,Y,N,N,,,,
Clinton,Nov-05,4303710940,AKHT,STOR-27529,Olathe,KS,5/11/2024,14:00,4/11/2024,22:29,,Y,N,N,,,,
Clinton,Nov-05,4303713340,AKHT,STOR-25917,Olathe,KS,5/11/2024,14:00,5/11/2024,1:38,,Y,N,N,,,,
Clinton,Nov-05,4303697675,HIRP,H30825,Cudahy,WI,5/11/2024,19:30,2/11/2024,10:58,,Y,N,N,,,,
Clinton,Nov-05,4303709695,PRIJ,240215,AMARILLO,TX,6/11/2024,8:00,2/11/2024,18:57,,Y,N,N,,,,
Des Moines.,Nov-06,4303704607,MOEE,3056,Lincoln,Nebraska,FCFS,N/A,4/11/2024,9:46,,,,,,,,
Des Moines.,Nov-06,4303703918,HIRP,20323,Lincoln,Nebraska,FCFS,N/A,5/11/2024,0:22,,,,,,,,
Des Moines.,Nov-06,4303704344,HIRS,40157,Lincoln,Nebraska,FCFS,N/A,4/11/2024,23:55,,,,,,,,
Des Moines.,Nov-06,4303704338,HIRP,30061,Lincoln,Nebraska,FCFS,N/A,4/11/2024,20:36,,,,,,,,
Des Moines.,Nov-06,4303704343,HIRP,30027,Lincoln,Nebraska,FCFS,N/A,4/11/2024,14:10,,,,,,,,
Des Moines.,Nov-06,4303704342,HIRS,50012,Lincoln,Nebraska,FCFS,N/A,2/11/2024,1:56,,,,,,,,
Des Moines.,Nov-06,4303703921,JOFD,8407,St James,Minnesota,FCFS,N/A,4/11/2024,8:33,,,,,,,,
Des Moines.,Nov-06,4303703931,Lazer,8426,Mason City,Iowa,FCFS,N/A,4/11/2024,11:19,,,,,,,,
Sioux Falls,Nov-06,4303697499,HIRS,H00514,North East,MD,4/11/2024,6:30,4/11/2024,7:34,402,,,,,,,
Sioux Falls,Nov-06,4303697576,HIRS,H30098,North East,MD,4/11/2024,7:30,4/11/2024,9:58,402,,,,,,,
Sioux Falls,Nov-06,4303702249,RDXO,R531248 11/6 0610,Junction City,KS,4/11/2024,17:30,3/11/2024,1:00,,,,,,,,
Sioux Falls,Nov-06,4303697641,WWIK,5125,Olathe,KS,5/11/2024,6:00,5/11/2024,1:24,,,,,,,,
Sioux Falls,Nov-06,4303697645,WWIK,5139,Olathe,KS,5/11/2024,6:00,5/11/2024,2:04,,,,,,,,
Sioux Falls,Nov-06,4303702550,RDXO,R531311,Junction City,KS,5/11/2024,7:00,4/11/2024,22:08,,,,,,,,
Sioux Falls,Nov-06,4303710125,AKHT,S5324614,Greenfield,IN,5/11/2024,8:30,5/11/2024,12:43,999,,,,,,,
Sioux Falls,Nov-06,4303706900,STVV,19584,ONTARIO,CA,5/11/2024,13:00,4/11/2024,22:19,,,,,,,,
Sioux Falls,Nov-06,4303697803,TAMI,101519,MAPLE HEIGHTS,OH,5/11/2024,14:30,5/11/2024,9:28,,,,,,,,
Sioux Falls,Nov-06,4303711771,JOFD,8446,Tar Heel,NC,5/11/2024,15:30,5/11/2024,8:32,,,,,,,,
Sioux Falls,Nov-06,4303693457,LRKF,R-182 L.ROCK CA DC,BRAMPTON,ON,5/11/2024,17:30,,,,,,,,,,
Sioux Falls,Nov-06,4303653866,PRIJ,MX DC PHN,HIDALGO,TX,5/11/2024,19:00,,,,,,,,,,
Sioux Falls,Nov-06,4303651578,BTIK,BENNETT 1761< +,HIDALGO,TX,5/11/2024,20:00,6/11/2024,7:28,999,,,,,,,
Sioux Falls,Nov-06,4303655023,AGUV,MX DC,HIDALGO,TX,5/11/2024,20:00,,,,,,,,,,
Sioux Falls,Nov-06,4303711864,JOFD,7604,Le Mars,IA,5/11/2024,21:30,5/11/2024,10:42,,,,,,,,
Sioux Falls,Nov-06,4303713737,STVV,19630,CHARLOTTE,NC,5/11/2024,23:30,5/11/2024,14:31,,,,,,,,
Sioux Falls,Nov-06,4303714378,TQYL,,CHARLOTTE,NC,5/11/2024,23:30,,,,,,,,,,
Sioux Falls,Nov-06,4303701871,JOFD,7830,Lincoln,NE,6/11/2024,0:00,5/11/2024,13:24,,,,,,,,
Sioux Falls,Nov-06,4303702008,RDXO,R531199,Lincoln,NE,6/11/2024,0:00,5/11/2024,16:18,,,,,,,,
Sioux Falls,Nov-06,4303703399,HEYL,19013 11-6/0700,Carroll,IA,6/11/2024,1:00,6/11/2024,0:15,,,,,,,,
Sioux Falls,Nov-06,4303703660,JOFD,7912,Carroll,IA,6/11/2024,1:00,5/11/2024,21:23,,,,,,,,
Sioux Falls,Nov-06,4303703663,HEYL,2365 11/6 0600,Carroll,IA,6/11/2024,1:00,6/11/2024,0:53,,,,,,,,
Sioux Falls,Nov-06,4303703704,HEYL,25111 11-6/0715,Carroll,IA,6/11/2024,1:00,5/11/2024,21:43,,,,,,,,
Sioux Falls,Nov-06,4303708276,HIRS,H30668,Tar Heel,NC,6/11/2024,1:30,5/11/2024,15:56,,,,,,,,
Sioux Falls,Nov-06,4303708593,LSNC,969,Orange City,IA,6/11/2024,3:30,6/11/2024,2:51,,,,,,,,
Sioux Falls,Nov-06,4303707608,PBTI,1021,LANSING,MI,6/11/2024,4:30,5/11/2024,22:25,,,,,,,,
Sioux Falls,Nov-06,4303697896,JOFD,7709 11/6 0537,Sioux Center,IA,6/11/2024,5:00,5/11/2024,18:36,,,,,,,,
Sioux Falls,Nov-06,4303691948,JOFD,8394,Sioux City,IA,6/11/2024,5:30,6/11/2024,0:55,,,,,,,,
Sioux Falls,Nov-06,4303708057,BTIK,1771,FOREST PARK,IL,6/11/2024,5:30,6/11/2024,2:18,,,,,,,,
Sioux Falls,Nov-06,4303661025,HIRS,40006 11/6 0600,RANCHO CUCAMONGA,CA,6/11/2024,6:00,5/11/2024,21:03,,,,,,,,
Sioux Falls,Nov-06,4303707162,NTWD,1820,TIPP CITY,OH,6/11/2024,6:00,6/11/2024,1:32,,,,,,,,
Sioux Falls,Nov-06,4303709953,RDXO,531431,Olathe,KS,6/11/2024,6:00,5/11/2024,22:08,,,,,,,,
Sioux Falls,Nov-06,4303673077,PRIJ,220221,MONTGOMERY,IL,6/11/2024,6:30,6/11/2024,2:19,,,,,,,,
Sioux Falls,Nov-06,4303714061,JOFD,1908 HEITER,SAN ANTONIO,TX,6/11/2024,7:00,6/11/2024,1:53,,,,,,,,
Sioux Falls,Nov-06,4303702097,KBTO,13654,Cudahy,WI,6/11/2024,8:00,6/11/2024,2:18,,,,,,,,
Sioux Falls,Nov-06,4303711770,HIRS,20243,North East,MD,6/11/2024,8:30,6/11/2024,0:54,,,,,,,,
Sioux Falls,Nov-06,4303712644,JOFD,8361,Greenfield,IN,6/11/2024,9:30,6/11/2024,1:27,,,,,,,,
Sioux Falls,Nov-06,4303713366,JOFD,8453,Greenfield,IN,6/11/2024,9:30,6/11/2024,2:02,,,,,,,,
Sioux Falls,Nov-06,4303706719,HEYL,17048,DAVENPORT,IA,6/11/2024,10:00,5/11/2024,21:09,,,,,,,,
Sioux Falls,Nov-06,4303706825,TAMI,108623,SALEM,OH,6/11/2024,10:00,5/11/2024,18:56,,,,,,,,
Milan,Nov-06,4303571000,PRIJ,241621,OKLAHOMA CITY,OK,6/11/2024,18:30,5/11/2024,12:01,,Y,N,,,,,
Milan,Nov-06,4303629331,SHKE,,CHILLICOTHE,MO,7/11/2024,6:00,,0:00,,Y,N,,,,,
Milan,Nov-06,4303660989,PRIJ,240237,LAREDO,TX,6/11/2024,10:30,5/11/2024,22:10,,Y,N,,,,,
Milan,Nov-06,4303668512,SHKE,80341,CHILLICOTHE,MO,7/11/2024,6:00,6/11/2024,1:46,,Y,N,,,,,
Milan,Nov-06,4303680891,PRIJ,240134,LAREDO,TX,6/11/2024,10:30,5/11/2024,10:46,,Y,N,,,,,
Milan,Nov-06,4303684517,PTGB,,DES MOINES,IA,7/11/2024,11:30,,0:00,,Y,N,,,,,
Milan,Nov-06,4303684591,HIRP,20375,DES MOINES,IA,6/11/2024,11:30,5/11/2024,8:30,,Y,N,,,,,
Milan,Nov-06,4303684593,RDXO,531770,DES MOINES,IA,6/11/2024,12:30,5/11/2024,16:10,,Y,N,,,,,
Milan,Nov-06,4303691220,PRIJ,250409,OKLAHOMA CITY,OK,6/11/2024,17:30,5/11/2024,20:39,,Y,N,,,,,
Milan,Nov-06,4303691991,HIRS,,Sioux City,IA,6/11/2024,21:30,,0:00,,Y,N,,,,,
Milan,Nov-06,4303695369,CPU,,TORONTO,ON,5/11/2024,11:11,,0:00,,Y,N,,,,,
Milan,Nov-06,4303700175,HIRS,30822,Sioux Center,IA,7/11/2024,17:30,6/11/2024,0:36,,Y,N,,,,,
Milan,Nov-06,4303701292,RDXO,531367,PLEASANT PRAIRIE,WI,5/11/2024,16:30,6/11/2024,1:25,999,N,N,,,,,
Milan,Nov-06,4303702092,HIRS,30794,Omaha,NE,6/11/2024,3:30,5/11/2024,20:19,,Y,N,,,,,
Milan,Nov-06,4303702442,HIRP,361,Cudahy,WI,6/11/2024,11:00,5/11/2024,19:19,,Y,N,,,,,
Milan,Nov-06,4303702443,HIRP,40053,Cudahy,WI,6/11/2024,12:00,4/11/2024,23:24,,Y,N,,,,,
Milan,Nov-06,4303702495,AKHT,5321042,Cudahy,WI,6/11/2024,9:00,5/11/2024,13:50,,Y,N,,,,,
Milan,Nov-06,4303702549,HIRP,30775,Cudahy,WI,6/11/2024,14:00,5/11/2024,19:02,,Y,N,,,,,
Milan,Nov-06,4303702551,AKHT,5322127,Junction City,KS,6/11/2024,1:30,6/11/2024,3:26,999,N,N,,,,,
Milan,Nov-06,4303704289,RDXO,531459,SERGEANT BLUFF,IA,5/11/2024,22:30,5/11/2024,0:18,,Y,N,,,,,
Milan,Nov-06,4303704620,HIRP,,Sioux City,IA,7/11/2024,17:30,,0:00,,Y,N,,,,,
Milan,Nov-06,4303706488,HIRP,6758,SALEM,OH,6/11/2024,15:00,5/11/2024,22:05,,Y,N,,,,,
Milan,Nov-06,4303706665,RDXO,531185,SALEM,OH,5/11/2024,15:00,4/11/2024,21:31,,Y,N,,,,,
Milan,Nov-06,4303706717,SHKE,80318,DES MOINES,IA,6/11/2024,6:30,4/11/2024,17:00,,Y,N,,,,,
Milan,Nov-06,4303707011,CPU,,CARTERET,NJ,6/11/2024,11:11,,0:00,,Y,N,,,,,
Milan,Nov-06,4303707012,CPU,,CARTERET,NJ,8/11/2024,11:11,,0:00,,Y,N,,,,,
Milan,Nov-06,4303707959,KBTO,,Junction City,KS,7/11/2024,3:30,,0:00,,Y,N,,,,,
Milan,Nov-06,4303711028,AKHT,53394,Cudahy,WI,5/11/2024,8:00,4/11/2024,21:24,,Y,N,,,,,
Milan,Nov-06,4303711701,HIRS,20049,Cumming,GA,5/11/2024,18:30,4/11/2024,22:39,,Y,N,,,,,
Milan,Nov-06,4303711778,HIRS,20565,Wilson,NC,6/11/2024,19:00,5/11/2024,23:20,,Y,N,,,,,
Milan,Nov-06,4303711960,SHKE,8928,DES MOINES,IA,7/11/2024,9:30,5/11/2024,17:34,,Y,N,,,,,
Milan,Nov-06,4303712169,HIRS,30035,DUBUQUE,IA,7/11/2024,10:00,5/11/2024,10:07,,Y,N,,,,,
Milan,Nov-06,4303712170,HIRS,,DUBUQUE,IA,8/11/2024,11:30,,0:00,,Y,N,,,,,
Milan,Nov-06,4303716468,CPU,,FLOWER MOUND,TX,5/11/2024,11:11,,0:00,,Y,N,,,,,
Milan,Nov-06,5000262533,SHKE,C#1/80314,Chillicothe,MO,5/11/2024,9:25,5/11/2024,9:25,,Y,N,,,,,
Milan,Nov-06,5000262535,SHKE,C#2/80346,Chillicothe,MO,5/11/2024,11:38,5/11/2024,11:38,,Y,N,,,,,
Milan,Nov-06,5000262538,SHKE,DM#1/80328,Des Moines,IA,5/11/2024,13:39,5/11/2024,13:39,,Y,N,,,,,
Milan,Nov-06,5000262539,SHKE,C#3/80335,Chillicothe,MO,5/11/2024,14:36,5/11/2024,14:36,,Y,N,,,,,
Milan,Nov-06,5000262592,SHKE,DM#2/80439,Des Moines,IA,5/11/2024,16:45,5/11/2024,16:45,,Y,N,,,,,
Milan,Nov-06,,,,,,,,,,,,,,,,,
Milan,Nov-06,4303709138,TSL,SZLU 9542366,EDGERTON,KS,,,5/11/2024,21:07,,,,,,,,
Milan,Nov-06,4303707402,TSL,SZLU 9893118,EDGERTON,KS,,,5/11/2024,22:19,,,,,,,,
Crete,Nov-06,4303702270,AKHT,5322297,Wichita,KS,6/11/2024,0:00,5/11/2024,15:24,,Y,N,N,,,,
Crete,Nov-06,5000262621,AKHT,53392,Olathe,KS,6/11/2024,0:11,6/11/2024,0:11,,Y,N,Y,,,,
Crete,Nov-06,5000262513,BTDQ,261,Olathe,KS,5/11/2024,0:48,5/11/2024,0:48,,Y,N,Y,,,,
Crete,Nov-06,4303706368,BTDQ,281,SAN ANTONIO,TX,5/11/2024,17:00,5/11/2024,23:43,999,Y,N,N,,,,
Crete,Nov-06,5000262620,BTDQ,262,Olathe,KS,6/11/2024,0:07,6/11/2024,0:07,,Y,N,Y,,,,
Crete,Nov-06,4303701796,BTDQ,450,Lincoln,NE,6/11/2024,4:30,4/11/2024,22:23,,Y,N,N,,,,
Crete,Nov-06,4303709084,BTDQ,243,LINCOLN,NE,6/11/2024,9:00,5/11/2024,20:06,,Y,N,N,,,,
Crete,Nov-06,5000262581,FRFT,1117,Olathe,KS,5/11/2024,12:35,5/11/2024,12:35,,Y,N,Y,,,,
Crete,Nov-06,5000262548,FRFT,319,Olathe,KS,5/11/2024,16:06,5/11/2024,16:06,,Y,N,Y,,,,
Crete,Nov-06,4303706397,FRFT,620,Omaha,NE,6/11/2024,10:30,5/11/2024,22:40,,Y,N,N,,,,
Crete,Nov-06,5000262519,HIRP,462,Olathe,KS,5/11/2024,11:10,5/11/2024,11:10,,Y,N,Y,,,,
Crete,Nov-06,4303644531,HIRS,20778,OKLAHOMA CITY,OK,6/11/2024,6:30,5/11/2024,21:54,,Y,N,N,,,,
Crete,Nov-06,5000262498,HIRP,95354,Greenfield,IN,5/11/2024,0:33,5/11/2024,0:33,,Y,N,Y,,,,
Crete,Nov-06,4303705955,HIRS,6744,Tar Heel,NC,6/11/2024,4:30,4/11/2024,10:33,,Y,N,Y,,,,
Crete,Nov-06,4303706019,HIRS,6613,Tar Heel,NC,6/11/2024,5:30,4/11/2024,21:35,,Y,N,Y,,,,
Crete,Nov-06,5000262601,JOFD,7731,Greenfield,IN,5/11/2024,16:59,5/11/2024,16:59,,Y,N,Y,,,,
Crete,Nov-06,5000262610,JOFD,7969,Greenfield,IN,5/11/2024,23:01,5/11/2024,23:01,,Y,N,Y,,,,
Crete,Nov-06,4303702305,JOFD,8019,Lincoln,NE,6/11/2024,4:30,5/11/2024,19:04,,Y,N,N,,,,
Crete,Nov-06,4303699989,MOEE,3053,Lincoln,NE,6/11/2024,4:30,6/11/2024,0:53,,Y,N,N,,,,
Crete,Nov-06,4303702611,MOEE,3052,Omaha,NE,6/11/2024,9:30,5/11/2024,21:15,,Y,N,N,,,,
Crete,Nov-06,4303697755,PRIJ,215160,Cudahy,WI,6/11/2024,11:00,2/11/2024,19:31,,Y,N,N,,,,
Crete,Nov-06,4303704402,PRIJ,200563,Cudahy,WI,6/11/2024,16:30,5/11/2024,11:41,,Y,N,N,,,,
Crete,Nov-06,4303704192,PRIJ,215717,Cudahy,WI,7/11/2024,16:30,5/11/2024,10:41,,Y,N,N,,,,
Crete,Nov-06,4303704908,RDXO,531272,ORANGE CITY,IA,6/11/2024,1:00,5/11/2024,13:25,,Y,N,N,,,,
Clinton,Nov-06,4303707655,AKHT,53183R,Greenfield,IN,4/11/2024,12:30,4/11/2024,10:13,,Y,N,N,,,,
Clinton,Nov-06,4303697741,AKHT,5321002,Peru,IN,4/11/2024,14:30,1/11/2024,21:28,,Y,N,N,,,,
Clinton,Nov-06,4303668083,JJBF,87221,TRENTON,NJ,5/11/2024,5:00,2/11/2024,6:50,,Y,N,N,,,,
Clinton,Nov-06,4303706444,CPU,6723,MONTGOMERY,AL,5/11/2024,10:11,5/11/2024,5:01,,Y,N,N,,,,
Clinton,Nov-06,4303713173,CNYS,240-3R,North East,MD,5/11/2024,12:00,4/11/2024,19:36,,Y,N,N,,,,
Clinton,Nov-06,4303713340,AKHT,STOR-25917,Olathe,KS,5/11/2024,14:00,5/11/2024,1:38,,Y,N,N,,,,
Clinton,Nov-06,4303701828,AKHT,5324630,Lincoln,NE,5/11/2024,16:00,5/11/2024,19:20,501,N,N,N,,,,
Clinton,Nov-06,4303709426,AKHT,5321025,Greenfield,IN,5/11/2024,17:30,6/11/2024,1:07,501,N,N,N,,,,
Clinton,Nov-06,4303711667,AKHT,S5321009,Lincoln,NE,5/11/2024,18:00,5/11/2024,11:43,,Y,N,N,,,,
Clinton,Nov-06,4303702238,HIRS,H40148,Cudahy,WI,5/11/2024,19:00,6/11/2024,0:19,102,N,N,N,,,,
Clinton,Nov-06,4303697675,HIRP,H30825,Cudahy,WI,5/11/2024,19:30,2/11/2024,10:58,,Y,N,N,,,,
Clinton,Nov-06,4303713624,CPU,6225,MURPHY,TX,5/11/2024,20:00,5/11/2024,21:51,304,N,N,N,,,,
Clinton,Nov-06,4303701860,PRLG,72353,Grayson,KY,6/11/2024,7:30,5/11/2024,14:36,,Y,N,N,,,,
Clinton,Nov-06,4303697725,HIRS,H30234,Cudahy,WI,6/11/2024,10:00,5/11/2024,23:36,,Y,N,N,,,,
Clinton,Nov-06,4303711102,PRIJ,215737,Greenfield,IN,6/11/2024,10:30,6/11/2024,1:55,,Y,N,N,,,,
Denison,Nov-06,5000262570,HEYL,20011,Des Moines,IA,5/11/2024,10:58,5/11/2024,10:58,,,,,,,,
Denison,Nov-06,4303714484,CPU,,DELEGACION BENITO JUAREZ,CMX,5/11/2024,11:11,,,,,,,,,,
Denison,Nov-06,4303714521,CPU,,SAINT LOUIS,MO,5/11/2024,11:11,,,,,,,,,,
Denison,Nov-06,5000262577,BITD,16T16,Des Moines,IA,5/11/2024,16:09,5/11/2024,16:09,,,,,,,,
Denison,Nov-06,4303684449,JOFD,7645,DES MOINES,IA,6/11/2024,6:00,5/11/2024,12:52,,,,,,,,
Denison,Nov-06,4303707880,HIRP,40246,Junction City,KS,6/11/2024,6:00,5/11/2024,9:45,,,,,,,,
Denison,Nov-06,4303696431,AGUV,J123,LAREDO,TX,6/11/2024,8:30,4/11/2024,20:16,,,,,,,,
Denison,Nov-06,4303702514,PRIJ,202107,Cudahy,WI,6/11/2024,8:30,4/11/2024,10:06,,,,,,,,
Denison,Nov-06,4303705570,PRIJ,253163,LAREDO,TX,6/11/2024,9:30,5/11/2024,10:24,,,,,,,,
Denison,Nov-06,4303684592,JOFD,7524,DES MOINES,IA,6/11/2024,10:00,5/11/2024,14:04,,,,,,,,
Denison,Nov-06,4303701075,AGUV,251,LAREDO,TX,6/11/2024,10:30,5/11/2024,11:42,,,,,,,,
Denison,Nov-06,4303704779,RDXO,531411,DES MOINES,IA,6/11/2024,14:00,5/11/2024,16:07,,,,,,,,
Denison,Nov-06,4303690893,PRIJ,180825,OKLAHOMA CITY,OK,6/11/2024,17:00,4/11/2024,10:49,,,,,,,,
Denison,Nov-06,4303702660,HLBO,579657,Junction City,KS,6/11/2024,17:30,5/11/2024,19:11,,,,,,,,
Denison,Nov-06,4303707690,HIRP,40480,Wichita,KS,6/11/2024,21:00,5/11/2024,11:50,,,,,,,,
Denison,Nov-06,4303701980,JOFD,7753,Peru,IN,7/11/2024,6:30,5/11/2024,20:45,,,,,,,,
Denison,Nov-06,4303707837,HIRS,30116,YOAKUM,TX,7/11/2024,12:30,5/11/2024,13:29,,,,,,,,
Denison,Nov-06,4303702557,HIRP,30023,Saint Charles,IL,7/11/2024,18:30,5/11/2024,23:01,,,,,,,,
Des Moines.,Nov-06,4303703930,MOEE,3030,Carroll,Iowa,FCFS,N/A,6/11/2024,1:30,,,,,,,,
Des Moines.,Nov-06,4303704345,HIRS,91274,Lincoln,Nebraska,FCFS,N/A,5/11/2024,8:14,,,,,,,,
Des Moines.,Nov-06,4303704339,HIRS,30770,Lincoln,Nebraska,FCFS,N/A,5/11/2024,12:07,,,,,,,,
Des Moines.,Nov-06,4303703923,LHPT,1580,Middlesboro,Kentucky,FCFS,N/A,5/11/2024,15:30,,,,,,,,
Des Moines.,Nov-06,,,,,,,,,,,,,,,,,
Des Moines.,Nov-06,4303703935,KTIA,N/A,St James,Minnesota,FCFS,N/A,N/A,N/A,,,,,,,,
Des Moines.,Nov-06,4303703928,KBTO,N/A,St James,Minnesota,FCFS,N/A,N/A,N/A,,,,,,,,
Denison,Nov-07,5000262634,HEYL,18057,Des Moines,IA,6/11/2024,9:29,6/11/2024,9:29,,,,,,,,
Denison,Nov-07,4303697994,CPU,,HOUSTON,TX,6/11/2024,11:11,,,,,,,,,,
Denison,Nov-07,4303716186,CPU,,HOUSTON,TX,6/11/2024,11:11,,,,,,,,,,
Denison,Nov-07,5000262636,BITD,3032,Des Moines,IA,6/11/2024,13:00,6/11/2024,13:00,,,,,,,,
Denison,Nov-07,4303704779,RDXO,531411,DES MOINES,IA,6/11/2024,14:00,5/11/2024,16:07,,,,,,,,
Denison,Nov-07,5000262687,JOFD,7943,Des Moines,IA,6/11/2024,16:16,6/11/2024,16:16,,,,,,,,
Denison,Nov-07,4303713957,HIRP,6734,Tar Heel,NC,6/11/2024,17:30,6/11/2024,13:25,,,,,,,,
Denison,Nov-07,4303715572,HIRP,6647,MASON,OH,6/11/2024,17:30,6/11/2024,11:37,,,,,,,,
Denison,Nov-07,4303715931,WSEE,,PUYALLUP,WA,7/11/2024,2:00,,,,,,,,,,
Denison,Nov-07,4303684610,HEYL,19008,DES MOINES,IA,7/11/2024,6:00,6/11/2024,14:21,,,,,,,,
Denison,Nov-07,4303684603,RDXO,531837,DES MOINES,IA,7/11/2024,10:00,6/11/2024,14:56,,,,,,,,
Denison,Nov-07,4303706826,HIRS,6302,HOUSTON,TX,7/11/2024,10:00,6/11/2024,18:52,,,,,,,,
Denison,Nov-07,4303706827,HIRS,H31040,HOUSTON,TX,7/11/2024,10:30,6/11/2024,19:21,,,,,,,,
Denison,Nov-07,4303707769,HIRS,6551,HARMONY,PA,7/11/2024,11:30,6/11/2024,21:35,,,,,,,,
Denison,Nov-07,4303709940,MOEE,,DES MOINES,IA,7/11/2024,13:00,,,,,,,,,,
Denison,Nov-07,4303713906,HLBO,579538,Olathe,KS,7/11/2024,17:00,6/11/2024,21:08,,,,,,,,
Denison,Nov-07,4303702557,HIRP,30023,Saint Charles,IL,7/11/2024,18:30,5/11/2024,23:01,,,,,,,,
Denison,Nov-07,4303704909,MOEE,3022,ORANGE CITY,IA,8/11/2024,1:30,6/11/2024,20:03,,,,,,,,
Denison,Nov-07,4303705533,PRIJ,prime 230127,HIDALGO,TX,8/11/2024,21:30,6/11/2024,12:34,,,,,,,,
Denison,Nov-07,4303705536,AGUV,,LAREDO,TX,9/11/2024,9:30,6/11/2024,14:23,,,,,,,,
Denison,Nov-07,4303705537,STVV,17569,LAREDO,TX,9/11/2024,9:30,6/11/2024,12:48,,,,,,,,
Denison,Nov-07,4303709508,HIRS,40171,ABBOTSFORD,WI,10/11/2024,12:00,6/11/2024,14:38,,,,,,,,
Sioux Falls,Nov-07,4303702550,RDXO,R531311,Junction City,KS,5/11/2024,7:00,4/11/2024,22:08,,,,,,,,
Sioux Falls,Nov-07,4303709953,RDXO,531431,Olathe,KS,6/11/2024,6:00,5/11/2024,22:08,,,,,,,,
Sioux Falls,Nov-07,4303715415,CPU,1923 BR EXP. TXT,SYRACUSE,NY,6/11/2024,11:11,6/11/2024,19:03,999,,,,,,,
Sioux Falls,Nov-07,4303682369,HIRS,H00563 11/7 0555,ABINGDON,VA,6/11/2024,17:30,6/11/2024,7:38,,,,,,,,
Sioux Falls,Nov-07,4303712482,PBTI,1013,Greenfield,IN,6/11/2024,17:30,6/11/2024,8:11,,,,,,,,
Sioux Falls,Nov-07,4303701829,RDXO,R531768,Lincoln,NE,7/11/2024,0:00,6/11/2024,14:33,,,,,,,,
Sioux Falls,Nov-07,4303701901,BTIK,1757,Lincoln,NE,7/11/2024,0:00,6/11/2024,11:13,,,,,,,,
Sioux Falls,Nov-07,4303713598,VNWK,1878,Smithfield,VA,7/11/2024,2:00,6/11/2024,20:39,,,,,,,,
Sioux Falls,Nov-07,4303691992,HEYL,24130 11/7 0545,Sioux City,IA,7/11/2024,3:30,6/11/2024,23:39,,,,,,,,
Sioux Falls,Nov-07,4303708912,LSNC,971 11-7/0730,Orange City,IA,7/11/2024,3:30,7/11/2024,3:29,,,,,,,,
Sioux Falls,Nov-07,4303703614,BTIK,1727,Saint James,MN,7/11/2024,4:30,6/11/2024,18:49,,,,,,,,
Sioux Falls,Nov-07,4303691949,JOFD,8455 11-7/0700,Sioux City,IA,7/11/2024,5:30,6/11/2024,18:18,,,,,,,,
Sioux Falls,Nov-07,4303702479,JOFD,8212 11-7/0645,Omaha,NE,7/11/2024,6:00,6/11/2024,20:25,,,,,,,,
Sioux Falls,Nov-07,4303712704,WWIK,5135,Olathe,KS,7/11/2024,6:00,6/11/2024,21:00,,,,,,,,
Sioux Falls,Nov-07,4303673336,PRIJ,190213 11/7 0557,MONTGOMERY,IL,7/11/2024,6:30,6/11/2024,19:16,,,,,,,,
Sioux Falls,Nov-07,4303700593,JOFD,7905 11/7 0540,Mason City,IA,7/11/2024,6:30,6/11/2024,21:57,,,,,,,,
Sioux Falls,Nov-07,4303705327,HIRS,H20397,SAN ANTONIO,TX,7/11/2024,6:30,6/11/2024,10:30,,,,,,,,
Sioux Falls,Nov-07,4303702552,RDXO,R531201,Junction City,KS,7/11/2024,7:00,6/11/2024,23:38,,,,,,,,
Sioux Falls,Nov-07,4303706640,KNJT,80088,Saint Charles,IL,7/11/2024,7:00,6/11/2024,22:10,,,,,,,,
Sioux Falls,Nov-07,4303699268,HIRS,H20227,HOUSTON,TX,7/11/2024,7:30,6/11/2024,17:41,,,,,,,,
Sioux Falls,Nov-07,4303697854,JOFD,8371,Wichita,KS,7/11/2024,9:00,7/11/2024,1:33,,,,,,,,
Sioux Falls,Nov-07,4303708055,PRIJ,220416 11/7 0630,FOREST PARK,IL,7/11/2024,9:30,7/11/2024,1:34,,,,,,,,
Sioux Falls,Nov-07,4303702398,DKCR,9396,Cudahy,WI,7/11/2024,10:00,7/11/2024,2:57,,,,,,,,
Sioux Falls,Nov-07,4303711176,BTIK,1795,CHICAGO,IL,7/11/2024,16:00,6/11/2024,18:25,,,,,,,,
Sioux Falls,Nov-07,4303707707,SFHM,346 POLAR,Cudahy,WI,7/11/2024,17:00,7/11/2024,2:58,,,,,,,,
Sioux Falls,Nov-07,4303712022,HIRP,H40108,DUBUQUE,IA,7/11/2024,17:00,6/11/2024,20:39,,,,,,,,
Sioux Falls,Nov-07,4303699456,SFHM,1099 STANS,ABBOTSFORD,WI,7/11/2024,17:30,7/11/2024,2:57,,,,,,,,
Sioux Falls,Nov-07,4303711581,HIRS,30213,Smithfield,VA,8/11/2024,2:00,6/11/2024,19:38,,,,,,,,
Sioux Falls,Nov-07,4303711435,HIRS,50040,Smithfield,VA,8/11/2024,3:00,6/11/2024,20:44,,,,,,,,
Sioux Falls,Nov-07,4303700300,JOFD,7596,Sioux Center,IA,8/11/2024,4:30,7/11/2024,1:29,,,,,,,,
Sioux Falls,Nov-07,4303700301,JOFD,7672,Sioux Center,IA,8/11/2024,5:00,7/11/2024,4:21,,,,,,,,
Sioux Falls,Nov-07,4303715914,NTWD,5593,Greenfield,IN,8/11/2024,8:30,7/11/2024,2:15,,,,,,,,
Sioux Falls,Nov-07,4303707791,SFHM,343 POLAR EXP,Tar Heel,NC,8/11/2024,17:30,7/11/2024,2:29,,,,,,,,
Sioux Falls,Nov-07,4303707912,JOFD,8282,Tar Heel,NC,8/11/2024,19:30,6/11/2024,21:58,,,,,,,,
Clinton,Nov-07,4303713340,AKHT,STOR-25917,Olathe,KS,5/11/2024,14:00,5/11/2024,1:38,,Y,N,N,,,,
Clinton,Nov-07,4303697850,AKHT,5321046,Peru,IN,5/11/2024,14:30,7/11/2024,0:03,999,N,N,N,,,,
Clinton,Nov-07,4303715493,HIRS,H00224,Olathe,KS,6/11/2024,14:00,6/11/2024,9:55,,Y,N,N,,,,
Clinton,Nov-07,4303714107,AKHT,S5321019,Olathe,KS,6/11/2024,16:00,,0:00,,Y,N,N,,,,
Clinton,Nov-07,4303691166,PRIJ,240154,OKLAHOMA CITY,OK,7/11/2024,0:30,6/11/2024,23:05,,Y,N,N,,,,
Clinton,Nov-07,4303702720,PRIJ,180632,Middlesboro,KY,7/11/2024,20:00,6/11/2024,23:07,,Y,N,N,,,,
Clinton,Nov-07,4303711545,HIRS,H20990,Lincoln,NE,8/11/2024,16:00,6/11/2024,12:11,,Y,N,N,,,,
Clinton,Nov-07,4303711546,HIRS,H20414,Lincoln,NE,8/11/2024,16:00,7/11/2024,0:15,,Y,N,N,,,,
Clinton,Nov-07,4303711548,HIRS,6585,Lincoln,NE,8/11/2024,16:00,7/11/2024,0:29,,Y,N,N,,,,
Clinton,Nov-07,4303711636,DMCC,19519,Kansas City,MO,8/11/2024,20:00,6/11/2024,19:31,,Y,N,N,,,,
Clinton,Nov-07,4303711729,PRIJ,190926,Kansas City,MO,8/11/2024,20:00,6/11/2024,22:19,,Y,N,N,,,,
Clinton,Nov-07,4303711763,STVV,18838,Kansas City,MO,8/11/2024,20:00,6/11/2024,19:23,,Y,N,N,,,,
Milan,Nov-07,4303570736,PRIJ,232208,OKLAHOMA CITY,OK,7/11/2024,18:30,6/11/2024,18:25,,Y,N,,,,,
Milan,Nov-07,4303629331,SHKE,80019,CHILLICOTHE,MO,7/11/2024,6:00,6/11/2024,7:53,,Y,N,,,,,
Milan,Nov-07,4303668512,SHKE,80341,CHILLICOTHE,MO,7/11/2024,6:00,6/11/2024,1:46,,Y,N,,,,,
Milan,Nov-07,4303680891,PRIJ,240134,LAREDO,TX,6/11/2024,10:30,5/11/2024,10:46,,Y,N,,,,,
Milan,Nov-07,4303684518,SHKE,80430,DES MOINES,IA,7/11/2024,0:30,6/11/2024,17:53,,Y,N,,,,,
Milan,Nov-07,4303684593,RDXO,531770,DES MOINES,IA,6/11/2024,12:30,5/11/2024,16:10,,Y,N,,,,,
Milan,Nov-07,4303684604,SHKE,80439,DES MOINES,IA,8/11/2024,10:30,6/11/2024,16:54,,Y,N,,,,,
Milan,Nov-07,4303684750,SHKE,8053,DES MOINES,IA,8/11/2024,11:30,6/11/2024,16:47,,Y,N,,,,,
Milan,Nov-07,4303690895,HIRS,,OKLAHOMA CITY,OK,7/11/2024,16:00,,0:00,,Y,N,,,,,
Milan,Nov-07,4303692300,HIRS,20282,Sioux City,IA,7/11/2024,21:30,6/11/2024,21:46,,Y,N,,,,,
Milan,Nov-07,4303700175,HIRS,30822,Sioux Center,IA,7/11/2024,17:30,6/11/2024,0:36,,Y,N,,,,,
Milan,Nov-07,4303700302,RDXO,,Sioux Center,IA,7/11/2024,21:00,,0:00,,Y,N,,,,,
Milan,Nov-07,4303702083,HIRP,,Cudahy,WI,7/11/2024,16:00,,0:00,,Y,N,,,,,
Milan,Nov-07,4303702420,AKHT,5322286,Junction City,KS,6/11/2024,8:30,6/11/2024,17:33,999,N,N,,,,,
Milan,Nov-07,4303702549,HIRP,30775,Cudahy,WI,6/11/2024,14:00,5/11/2024,19:02,,Y,N,,,,,
Milan,Nov-07,4303704620,HIRP,40348,Sioux City,IA,7/11/2024,17:30,6/11/2024,20:11,,Y,N,,,,,
Milan,Nov-07,4303704884,RDXO,531835,ORANGE CITY,IA,6/11/2024,17:00,6/11/2024,23:12,999,N,N,,,,,
Milan,Nov-07,4303706488,HIRP,6758,SALEM,OH,6/11/2024,15:00,5/11/2024,22:05,,Y,N,,,,,
Milan,Nov-07,4303706709,KBTO,,Junction City,KS,7/11/2024,4:30,,0:00,,Y,N,,,,,
Milan,Nov-07,4303707011,CPU,,CARTERET,NJ,6/11/2024,11:11,,0:00,,Y,N,,,,,
Milan,Nov-07,4303707012,CPU,,CARTERET,NJ,8/11/2024,11:11,,0:00,,Y,N,,,,,
Milan,Nov-07,4303707024,CPU,,ATLANTA,GA,7/11/2024,11:11,,0:00,,Y,N,,,,,
Milan,Nov-07,4303707679,JJBF,,HARMONY,PA,8/11/2024,13:00,,0:00,,Y,N,,,,,
Milan,Nov-07,4303708040,HIRP,7459,Saint Charles,IL,7/11/2024,5:00,6/11/2024,20:58,,Y,N,,,,,
Milan,Nov-07,4303709433,CPU,,TORONTO,ON,7/11/2024,11:11,,0:00,,Y,N,,,,,
Milan,Nov-07,4303710888,CPU,,SAN ANTONIO,TX,7/11/2024,11:11,,0:00,,Y,N,,,,,
Milan,Nov-07,4303710893,CPU,,SYRACUSE,NY,6/11/2024,11:11,,0:00,,Y,N,,,,,
Milan,Nov-07,4303711657,HIRP,40191,KANSAS CITY,MO,8/11/2024,3:00,6/11/2024,23:17,,Y,N,,,,,
Milan,Nov-07,4303711701,HIRS,20049,Cumming,GA,5/11/2024,18:30,4/11/2024,22:39,,Y,N,,,,,
Milan,Nov-07,4303712169,HIRS,30035,DUBUQUE,IA,7/11/2024,10:00,5/11/2024,10:07,,Y,N,,,,,
Milan,Nov-07,4303712170,HIRS,,DUBUQUE,IA,8/11/2024,11:30,,0:00,,Y,N,,,,,
Milan,Nov-07,4303715267,CPU,,CIUDAD DE MEXICO,CMX,8/11/2024,11:11,,0:00,,Y,N,,,,,
Milan,Nov-07,4303716959,CPU,,SYRACUSE,NY,7/11/2024,11:11,,0:00,,Y,N,,,,,
Milan,Nov-07,4303716966,CPU,,LAS VEGAS,NV,8/11/2024,11:11,,0:00,,Y,N,,,,,
Milan,Nov-07,4303718193,CPU,,MIAMI,FL,7/11/2024,11:11,,0:00,,Y,N,,,,,
Milan,Nov-07,5000262566,SHKE,C#1/80261,Chillicothe,MO,6/11/2024,10:01,6/11/2024,10:01,,Y,N,,,,,
Milan,Nov-07,5000262568,SHKE,DM#1/8074,Des Moines,IA,6/11/2024,11:53,6/11/2024,11:53,,Y,N,,,,,
Milan,Nov-07,5000262663,SHKE,DM#2/8085,Des Moines,IA,6/11/2024,15:26,6/11/2024,15:26,,Y,N,,,,,
Milan,Nov-07,5000262665,SHKE,C#3/8011,Chillicothe,MO,6/11/2024,16:08,6/11/2024,16:08,,Y,N,,,,,
Milan,Nov-07,5000262670,SHKE,C#2/80336,Chillicothe,MO,6/11/2024,13:29,6/11/2024,13:29,,Y,N,,,,,
Milan,Nov-07,5000262677,PTGB,CR#1/1198,Des Moines,IA,6/11/2024,17:01,6/11/2024,17:01,,Y,N,,,,,
Milan,Nov-07,5000262679,SHKE,CUT4/80436,Chillicothe,MO,6/11/2024,18:32,6/11/2024,18:32,,Y,N,,,,,
Milan,Nov-07,,,,,,,,,,,,,,,,,
Milan,Nov-07,4303709226,TSL,TTNU 8444041,EDGERTON,KS,,,6/11/2024,14:50,,,,,,,,
Crete,Nov-07,4303702270,AKHT,5322297,Wichita,KS,6/11/2024,0:00,5/11/2024,15:24,,Y,N,N,,,,
Crete,Nov-07,5000262621,AKHT,53392,Olathe,KS,6/11/2024,0:11,6/11/2024,0:11,,Y,N,Y,,,,
Crete,Nov-07,5000262647,AKHT,5322279,Olathe,KS,6/11/2024,12:27,6/11/2024,12:27,,Y,N,Y,,,,
Crete,Nov-07,5000262652,AKHT,53282,Olathe,KS,6/11/2024,14:15,6/11/2024,14:15,,Y,N,Y,,,,
Crete,Nov-07,4303702227,AKHT,5321018,Wichita,KS,7/11/2024,0:00,6/11/2024,9:44,,Y,N,N,,,,
Crete,Nov-07,4303702145,AKHT,5324616,Wichita,KS,8/11/2024,0:00,6/11/2024,16:40,,Y,N,N,,,,
Crete,Nov-07,5000262655,BTDQ,266,Olathe,KS,6/11/2024,19:05,6/11/2024,19:05,,Y,N,Y,,,,
Crete,Nov-07,5000262713,BTDQ,257,Olathe,KS,7/11/2024,0:06,7/11/2024,0:06,,Y,N,Y,,,,
Crete,Nov-07,4303712128,BTDQ,248,LINCOLN,NE,7/11/2024,9:00,6/11/2024,21:36,,Y,N,N,,,,
Crete,Nov-07,5000262620,BTDQ,262,Olathe,KS,6/11/2024,0:07,6/11/2024,0:07,,Y,N,Y,,,,
Crete,Nov-07,4303700191,BTDQ,271,Lincoln,NE,7/11/2024,4:30,6/11/2024,21:19,,Y,N,N,,,,
Crete,Nov-07,4303701797,BTDQ,460,Lincoln,NE,7/11/2024,4:30,6/11/2024,21:53,,Y,N,N,,,,
Crete,Nov-07,5000262648,FRFT,1418,Olathe,KS,6/11/2024,13:47,6/11/2024,13:47,,Y,N,Y,,,,
Crete,Nov-07,5000262712,FRFT,218,Olathe,KS,6/11/2024,22:22,6/11/2024,22:22,,Y,N,Y,,,,
Crete,Nov-07,4303706398,FRFT,1118,Omaha,NE,7/11/2024,6:30,7/11/2024,2:33,,Y,N,N,,,,
Crete,Nov-07,4303705955,HIRS,6744,Tar Heel,NC,6/11/2024,4:30,4/11/2024,10:33,,Y,N,Y,,,,
Crete,Nov-07,4303705715,HIRS,30827,North East,MD,7/11/2024,7:30,7/11/2024,0:15,,Y,N,Y,,,,
Crete,Nov-07,4303706006,HIRS,40343,Tar Heel,NC,9/11/2024,3:30,7/11/2024,3:32,,Y,N,Y,,,,
Crete,Nov-07,5000262646,JOFD,8255,Greenfield,IN,6/11/2024,11:52,6/11/2024,11:52,,Y,N,Y,,,,
Crete,Nov-07,4303701799,JOFD,7825,Lincoln,NE,7/11/2024,4:30,7/11/2024,1:23,,Y,N,N,,,,
Crete,Nov-07,4303716456,MOEE,3029,Lincoln,NE,7/11/2024,4:30,7/11/2024,0:38,,Y,N,N,,,,
Crete,Nov-07,4303707337,PRIJ,215343,Junction City,KS,7/11/2024,13:00,7/11/2024,3:44,,Y,N,N,,,,
Crete,Nov-07,4303716878,PRIJ,220338,WASHINGTON COURT HOUSE,OH,6/11/2024,16:00,6/11/2024,19:10,304,Y,N,N,,,,
Crete,Nov-07,4303570885,PRIJ,250646,OKLAHOMA CITY,OK,7/11/2024,8:00,6/11/2024,22:46,,Y,N,N,,,,
Crete,Nov-07,4303704192,PRIJ,215717,Cudahy,WI,7/11/2024,16:30,5/11/2024,10:41,,Y,N,N,,,,
Crete,Nov-07,4303673363,PRIJ,232177,HIDALGO,TX,6/11/2024,10:00,7/11/2024,1:44,,Y,N,N,,,,
Crete,Nov-07,4303666731,RDXO,531510,Sioux Center,IA,7/11/2024,1:30,7/11/2024,1:09,,Y,N,N,,,,
Crete,Nov-07,4303705330,SARI,15390,TORONTO,ON,5/11/2024,21:30,6/11/2024,17:33,999,Y,N,N,,,,
Crete,Nov-07,4303708649,CPU,1665,SALTILLO,COA,6/11/2024,11:11,6/11/2024,23:08,999,Y,N,N,,,,
