Date,Load Number,Shipper,Carrier,Workflow,Alert,Response Time,Raw Response,Goal,Updated data points on FK,Reminder,Escalated
2024-10-31,4303674280,smithfield-foods,Armour Eckrich Transportation,ready_to_pickup,,,,SUCCESS,FETCHED_CARRIER_SCAC; LOAD_UPDATED; MAIL_SENT_TO_CARRIER,Y,Y
2024-10-31,4303679323,smithfield-foods,Raider Express Inc.,ready_to_pickup,,,,SUCCESS,FETCHED_CARRIER_SCAC; LOAD_UPDATED; MAIL_SENT_TO_CARRIER,Y,
2024-10-31,4303680019,smithfield-foods,Moeller Trucking Inc.,ready_to_pickup,,,,SUCCESS,FETCHED_CARRIER_SCAC; LOAD_UPDATED; MAIL_SENT_TO_CARRIER,,
2024-10-31,4303684185,smithfield-foods,ST Freight LLC,ready_to_pickup,,,,SUCCESS,FETCHED_CARRIER_SCAC; LOAD_UPDATED; MAIL_SENT_TO_CARRIER,,
2024-10-31,4303684234,smithfield-foods,Prime Inc.,ready_to_pickup,,,,SUCCESS,FETCHED_CARRIER_SCAC; LOAD_UPDATED; MAIL_SENT_TO_CARRIER,Y,Y
2024-10-31,4303684438,smithfield-foods,Johnson Feed Inc.,ready_to_pickup,,,,SUCCESS,FETCHED_CARRIER_SCAC; LOAD_UPDATED; MAIL_SENT_TO_CARRIER,,
2024-10-31,4303685966,smithfield-foods,Swift Transportation Company,ready_to_pickup,,,,SUCCESS,FETCHED_CARRIER_SCAC; LOAD_UPDATED; MAIL_SENT_TO_CARRIER,Y,Y
2024-10-31,4303688081,smithfield-foods,Johnson Feed Inc.,ready_to_pickup,,,,SUCCESS,FETCHED_CARRIER_SCAC; LOAD_UPDATED; MAIL_SENT_TO_CARRIER,Y,Y
2024-10-31,4303689676,smithfield-foods,Buhr's Trucking,ready_to_pickup,,,,SUCCESS,FETCHED_CARRIER_SCAC; LOAD_UPDATED; MAIL_SENT_TO_CARRIER,Y,
2024-10-31,4303691562,smithfield-foods,Moeller Trucking Inc.,ready_to_pickup,,,,SUCCESS,FETCHED_CARRIER_SCAC; LOAD_UPDATED; MAIL_SENT_TO_CARRIER,Y,
2024-10-31,4303691563,smithfield-foods,Raider Express Inc.,ready_to_pickup,,,,SUCCESS,FETCHED_CARRIER_SCAC; LOAD_UPDATED; MAIL_SENT_TO_CARRIER,Y,Y
2024-10-31,4303691654,smithfield-foods,Buhr's Trucking,ready_to_pickup,,,,SUCCESS,FETCHED_CARRIER_SCAC; LOAD_UPDATED; MAIL_SENT_TO_CARRIER,Y,
2024-10-31,4303691913,smithfield-foods,Moeller Trucking Inc.,ready_to_pickup,,,,SUCCESS,FETCHED_CARRIER_SCAC; LOAD_UPDATED; MAIL_SENT_TO_CARRIER,Y,
2024-10-31,4303691950,smithfield-foods,Raider Express Inc.,ready_to_pickup,,,,SUCCESS,FETCHED_CARRIER_SCAC; LOAD_UPDATED; MAIL_SENT_TO_CARRIER,Y,Y
2024-10-31,4303693330,smithfield-foods,Moeller Trucking Inc.,ready_to_pickup,,,,SUCCESS,FETCHED_CARRIER_SCAC; LOAD_UPDATED; MAIL_SENT_TO_CARRIER,Y,
2024-10-31,4303693393,smithfield-foods,Raider Express Inc.,ready_to_pickup,,,,SUCCESS,FETCHED_CARRIER_SCAC; LOAD_UPDATED; MAIL_SENT_TO_CARRIER,Y,
2024-10-31,4303693831,smithfield-foods,Raider Express Inc.,ready_to_pickup,,,,SUCCESS,FETCHED_CARRIER_SCAC; LOAD_UPDATED; MAIL_SENT_TO_CARRIER,Y,
2024-10-31,4303694160,smithfield-foods,Hirschbach Motor Lines Inc,ready_to_pickup,,,,SUCCESS,FETCHED_CARRIER_SCAC; LOAD_UPDATED; MAIL_SENT_TO_CARRIER,,
2024-10-31,4303697513,smithfield-foods,HILL BROTHERS TRANSPORTATION INC,ready_to_pickup,,,,SUCCESS,FETCHED_CARRIER_SCAC; LOAD_UPDATED; MAIL_SENT_TO_CARRIER,Y,Y
2024-10-31,4303697513,smithfield-foods,HILL BROTHERS TRANSPORTATION INC,ready_to_pickup,,,,SUCCESS,FETCHED_CARRIER_SCAC; LOAD_UPDATED; MAIL_SENT_TO_CARRIER,Y,
2024-10-31,4303697532,smithfield-foods,Hirschbach Motor Lines Inc,ready_to_pickup,,,,SUCCESS,FETCHED_CARRIER_SCAC; LOAD_UPDATED; MAIL_SENT_TO_CARRIER,Y,
2024-10-31,4303697984,smithfield-foods,Hirschbach Motor Lines Inc,ready_to_pickup,,,,SUCCESS,FETCHED_CARRIER_SCAC; LOAD_UPDATED; MAIL_SENT_TO_CARRIER,,
2024-10-31,4303699784,smithfield-foods,Hirschbach Motor Lines Inc,ready_to_pickup,,0 days 01:07:55,,SUCCESS,FETCHED_CARRIER_SCAC; LOAD_UPDATED,,
2024-10-31,4303702061,smithfield-foods,Moeller Trucking Inc.,ready_to_pickup,,,,SUCCESS,FETCHED_CARRIER_SCAC; LOAD_UPDATED; MAIL_SENT_TO_CARRIER,Y,
2024-10-31,4303702723,smithfield-foods,Johnson Feed Inc.,ready_to_pickup,,,,SUCCESS,FETCHED_CARRIER_SCAC; LOAD_UPDATED; MAIL_SENT_TO_CARRIER,Y,Y
2024-10-31,4303702817,smithfield-foods,Hirschbach Motor Lines Inc,ready_to_pickup,,,,SUCCESS,FETCHED_CARRIER_SCAC; LOAD_UPDATED; MAIL_SENT_TO_CARRIER,Y,Y
2024-10-31,4303703669,smithfield-foods,WINDWALKER TRANSPORTATION INC,ready_to_pickup,,,,SUCCESS,FETCHED_CARRIER_SCAC; LOAD_UPDATED; MAIL_SENT_TO_CARRIER,,
2024-10-31,4303703683,smithfield-foods,Buhr's Trucking,ready_to_pickup,,,,SUCCESS,FETCHED_CARRIER_SCAC; LOAD_UPDATED; MAIL_SENT_TO_CARRIER,Y,
2024-10-31,4303704102,smithfield-foods,Hirschbach Motor Lines Inc,ready_to_pickup,,,,SUCCESS,FETCHED_CARRIER_SCAC; LOAD_UPDATED; MAIL_SENT_TO_CARRIER,Y,
2024-10-31,4303704778,smithfield-foods,Potter Transport Inc.,ready_to_pickup,,,,SUCCESS,FETCHED_CARRIER_SCAC; LOAD_UPDATED; MAIL_SENT_TO_CARRIER,,
2024-10-31,4303705903,smithfield-foods,Armour Eckrich Transportation,ready_to_pickup,,,,SUCCESS,FETCHED_CARRIER_SCAC; LOAD_UPDATED; MAIL_SENT_TO_CARRIER,Y,Y
2024-10-31,4303706686,smithfield-foods,Prime Inc.,ready_to_pickup,,,,SUCCESS,FETCHED_CARRIER_SCAC; LOAD_UPDATED; MAIL_SENT_TO_CARRIER,Y,
2024-10-31,5000262049,smithfield-foods,Johnson Feed Inc.,ready_to_pickup,,,,SUCCESS,FETCHED_CARRIER_SCAC; LOAD_UPDATED; MAIL_SENT_TO_CARRIER,Y,
2024-10-31,5000262052,smithfield-foods,Johnson Feed Inc.,ready_to_pickup,,,,SUCCESS,FETCHED_CARRIER_SCAC; LOAD_UPDATED; MAIL_SENT_TO_CARRIER,Y,
2024-10-31,5000262055,smithfield-foods,Friend Freightways Inc.,ready_to_pickup,,,,SUCCESS,FETCHED_CARRIER_SCAC; LOAD_UPDATED; MAIL_SENT_TO_CARRIER,,
2024-10-31,5000262067,smithfield-foods,Sharkey Transportation,ready_to_pickup,,,,SUCCESS,FETCHED_CARRIER_SCAC; LOAD_UPDATED; MAIL_SENT_TO_CARRIER,Y,
2024-10-31,5000262069,smithfield-foods,Hirschbach Motor Lines Inc,ready_to_pickup,,,,SUCCESS,FETCHED_CARRIER_SCAC; LOAD_UPDATED; MAIL_SENT_TO_CARRIER,Y,
2024-10-31,5000262125,smithfield-foods,Potter Transport Inc.,ready_to_pickup,,,,SUCCESS,FETCHED_CARRIER_SCAC; LOAD_UPDATED; MAIL_SENT_TO_CARRIER,,
2024-10-31,5000262133,smithfield-foods,Potter Transport Inc.,ready_to_pickup,,,,SUCCESS,FETCHED_CARRIER_SCAC; LOAD_UPDATED; MAIL_SENT_TO_CARRIER,,
2024-10-31,5000262134,smithfield-foods,Potter Transport Inc.,ready_to_pickup,,,,SUCCESS,FETCHED_CARRIER_SCAC; LOAD_UPDATED; MAIL_SENT_TO_CARRIER,,
2024-10-31,5000262139,smithfield-foods,Hirschbach Motor Lines Inc,ready_to_pickup,,,,SUCCESS,FETCHED_CARRIER_SCAC; LOAD_UPDATED; MAIL_SENT_TO_CARRIER,Y,
2024-10-31,5000262147,smithfield-foods,Potter Transport Inc.,ready_to_pickup,,,,SUCCESS,FETCHED_CARRIER_SCAC; LOAD_UPDATED; MAIL_SENT_TO_CARRIER,,
2024-10-31,5000262148,smithfield-foods,Johnson Feed Inc.,ready_to_pickup,,,,SUCCESS,FETCHED_CARRIER_SCAC; LOAD_UPDATED; MAIL_SENT_TO_CARRIER,,
2024-10-31,5000262149,smithfield-foods,Johnson Feed Inc.,ready_to_pickup,,,,SUCCESS,FETCHED_CARRIER_SCAC; LOAD_UPDATED; MAIL_SENT_TO_CARRIER,Y,
2024-10-31,5000262152,smithfield-foods,Sharkey Transportation,ready_to_pickup,,,,SUCCESS,FETCHED_CARRIER_SCAC; LOAD_UPDATED; MAIL_SENT_TO_CARRIER,Y,
2024-10-31,5000262154,smithfield-foods,Johnson Feed Inc.,ready_to_pickup,,,,SUCCESS,FETCHED_CARRIER_SCAC; LOAD_UPDATED; MAIL_SENT_TO_CARRIER,Y,
2024-10-31,5000262155,smithfield-foods,Hirschbach Motor Lines Inc,ready_to_pickup,,,,SUCCESS,FETCHED_CARRIER_SCAC; LOAD_UPDATED; MAIL_SENT_TO_CARRIER,Y,
2024-10-31,5000262157,smithfield-foods,Sharkey Transportation,ready_to_pickup,,,,SUCCESS,FETCHED_CARRIER_SCAC; LOAD_UPDATED; MAIL_SENT_TO_CARRIER,Y,
2024-10-31,5000262158,smithfield-foods,Buhr's Trucking,ready_to_pickup,,,,SUCCESS,FETCHED_CARRIER_SCAC; LOAD_UPDATED; MAIL_SENT_TO_CARRIER,Y,
2024-10-31,5000262159,smithfield-foods,Buhr's Trucking,ready_to_pickup,,,,SUCCESS,FETCHED_CARRIER_SCAC; LOAD_UPDATED; MAIL_SENT_TO_CARRIER,Y,
2024-10-31,5000262170,smithfield-foods,Heyl Truck Lines,ready_to_pickup,,,,SUCCESS,FETCHED_CARRIER_SCAC; LOAD_UPDATED; MAIL_SENT_TO_CARRIER,,
2024-11-01,4303679209,smithfield-foods,Raider Express Inc.,ready_to_pickup,,,,SUCCESS,FETCHED_CARRIER_SCAC; LOAD_UPDATED; MAIL_SENT_TO_CARRIER,Y,
2024-11-01,4303684244,smithfield-foods,Moeller Trucking Inc.,ready_to_pickup,,,,SUCCESS,FETCHED_CARRIER_SCAC; LOAD_UPDATED; MAIL_SENT_TO_CARRIER,Y,
2024-11-01,4303684440,smithfield-foods,Johnson Feed Inc.,ready_to_pickup,,,,SUCCESS,FETCHED_CARRIER_SCAC; LOAD_UPDATED; MAIL_SENT_TO_CARRIER,,
2024-11-01,4303691564,smithfield-foods,WINDWALKER TRANSPORTATION INC,ready_to_pickup,,,,SUCCESS,FETCHED_CARRIER_SCAC; LOAD_UPDATED; MAIL_SENT_TO_CARRIER,Y,
2024-11-01,4303691660,smithfield-foods,Raider Express Inc.,ready_to_pickup,,,,SUCCESS,FETCHED_CARRIER_SCAC; LOAD_UPDATED; MAIL_SENT_TO_CARRIER,Y,Y
2024-11-01,4303691660,smithfield-foods,Raider Express Inc.,ready_to_pickup,,,,SUCCESS,FETCHED_CARRIER_SCAC; LOAD_UPDATED; MAIL_SENT_TO_CARRIER,,
2024-11-01,4303691691,smithfield-foods,HILL BROTHERS TRANSPORTATION INC,ready_to_pickup,,,,SUCCESS,FETCHED_CARRIER_SCAC; LOAD_UPDATED; MAIL_SENT_TO_CARRIER,Y,Y
2024-11-01,4303691691,smithfield-foods,HILL BROTHERS TRANSPORTATION INC,ready_to_pickup,,,,SUCCESS,FETCHED_CARRIER_SCAC; LOAD_UPDATED; MAIL_SENT_TO_CARRIER,Y,
2024-11-01,4303691871,smithfield-foods,HILL BROTHERS TRANSPORTATION INC,ready_to_pickup,,,,SUCCESS,FETCHED_CARRIER_SCAC; LOAD_UPDATED; MAIL_SENT_TO_CARRIER,Y,Y
2024-11-01,4303691871,smithfield-foods,HILL BROTHERS TRANSPORTATION INC,ready_to_pickup,,,,SUCCESS,FETCHED_CARRIER_SCAC; LOAD_UPDATED; MAIL_SENT_TO_CARRIER,,
2024-11-01,4303691874,smithfield-foods,Moeller Trucking Inc.,ready_to_pickup,,,,SUCCESS,FETCHED_CARRIER_SCAC; LOAD_UPDATED; MAIL_SENT_TO_CARRIER,Y,
2024-11-01,4303691879,smithfield-foods,Raider Express Inc.,ready_to_pickup,,,,SUCCESS,FETCHED_CARRIER_SCAC; LOAD_UPDATED; MAIL_SENT_TO_CARRIER,Y,Y
2024-11-01,4303691879,smithfield-foods,Raider Express Inc.,ready_to_pickup,,,,SUCCESS,FETCHED_CARRIER_SCAC; LOAD_UPDATED; MAIL_SENT_TO_CARRIER,,
2024-11-01,4303691910,smithfield-foods,Raider Express Inc.,ready_to_pickup,,,,SUCCESS,FETCHED_CARRIER_SCAC; LOAD_UPDATED; MAIL_SENT_TO_CARRIER,Y,Y
2024-11-01,4303691910,smithfield-foods,Raider Express Inc.,ready_to_pickup,,,,SUCCESS,FETCHED_CARRIER_SCAC; LOAD_UPDATED; MAIL_SENT_TO_CARRIER,,
2024-11-01,4303696240,smithfield-foods,Hirschbach Motor Lines Inc,ready_to_pickup,,,,SUCCESS,FETCHED_CARRIER_SCAC; LOAD_UPDATED; MAIL_SENT_TO_CARRIER,Y,
2024-11-01,4303697287,smithfield-foods,Hirschbach Motor Lines Inc,ready_to_pickup,,,,SUCCESS,FETCHED_CARRIER_SCAC; LOAD_UPDATED; MAIL_SENT_TO_CARRIER,,
2024-11-01,4303697389,smithfield-foods,Potter Transport Inc.,ready_to_pickup,,,,SUCCESS,FETCHED_CARRIER_SCAC; LOAD_UPDATED; MAIL_SENT_TO_CARRIER,Y,
2024-11-01,4303697475,smithfield-foods,Johnson Feed Inc.,ready_to_pickup,,,,SUCCESS,FETCHED_CARRIER_SCAC; LOAD_UPDATED; MAIL_SENT_TO_CARRIER,Y,
2024-11-01,4303698285,smithfield-foods,Larsen Logistics,ready_to_pickup,,,,SUCCESS,FETCHED_CARRIER_SCAC; LOAD_UPDATED; MAIL_SENT_TO_CARRIER,Y,
2024-11-01,4303701369,smithfield-foods,HILL BROTHERS TRANSPORTATION INC,ready_to_pickup,,,,SUCCESS,FETCHED_CARRIER_SCAC; LOAD_UPDATED; MAIL_SENT_TO_CARRIER,Y,Y
2024-11-01,4303701369,smithfield-foods,HILL BROTHERS TRANSPORTATION INC,ready_to_pickup,,,,SUCCESS,FETCHED_CARRIER_SCAC; LOAD_UPDATED; MAIL_SENT_TO_CARRIER,,
2024-11-01,4303701582,smithfield-foods,Hirschbach Motor Lines Inc,ready_to_pickup,,,,SUCCESS,FETCHED_CARRIER_SCAC; LOAD_UPDATED; MAIL_SENT_TO_CARRIER,Y,
2024-11-01,4303701692,smithfield-foods,Hirschbach Motor Lines Inc,ready_to_pickup,,,,SUCCESS,FETCHED_CARRIER_SCAC; LOAD_UPDATED; MAIL_SENT_TO_CARRIER,Y,
2024-11-01,4303703686,smithfield-foods,Buhr's Trucking,ready_to_pickup,,,,SUCCESS,FETCHED_CARRIER_SCAC; LOAD_UPDATED; MAIL_SENT_TO_CARRIER,,
2024-11-01,4303705137,smithfield-foods,Prime Inc.,ready_to_pickup,,,,SUCCESS,FETCHED_CARRIER_SCAC; LOAD_UPDATED; MAIL_SENT_TO_CARRIER,Y,
2024-11-01,4303705546,smithfield-foods,Prime Inc.,ready_to_pickup,,,,SUCCESS,FETCHED_CARRIER_SCAC; LOAD_UPDATED; MAIL_SENT_TO_CARRIER,Y,
2024-11-01,4303705881,smithfield-foods,Hirschbach Motor Lines Inc,ready_to_pickup,,,,SUCCESS,FETCHED_CARRIER_SCAC; LOAD_UPDATED; MAIL_SENT_TO_CARRIER,Y,
2024-11-01,4303706101,smithfield-foods,Heyl Truck Lines,ready_to_pickup,,,,SUCCESS,FETCHED_CARRIER_SCAC; LOAD_UPDATED; MAIL_SENT_TO_CARRIER,,
2024-11-01,4303706179,smithfield-foods,"Nationwide Transportation, Inc. (NTWD)",ready_to_pickup,,,,SUCCESS,FETCHED_CARRIER_SCAC; LOAD_UPDATED; MAIL_SENT_TO_CARRIER,Y,
2024-11-01,4303707393,smithfield-foods,Schuster Co.,ready_to_pickup,,,,SUCCESS,FETCHED_CARRIER_SCAC; LOAD_UPDATED; MAIL_SENT_TO_CARRIER,Y,
2024-11-01,4303707881,smithfield-foods,Sharkey Transportation,ready_to_pickup,,,,SUCCESS,FETCHED_CARRIER_SCAC; LOAD_UPDATED; MAIL_SENT_TO_CARRIER,Y,
2024-11-01,4303708077,smithfield-foods,Stevens Transport,ready_to_pickup,,,,SUCCESS,FETCHED_CARRIER_SCAC; LOAD_UPDATED; MAIL_SENT_TO_CARRIER,Y,
2024-11-01,5000262069,smithfield-foods,Hirschbach Motor Lines Inc,ready_to_pickup,,,,SUCCESS,FETCHED_CARRIER_SCAC; LOAD_UPDATED; MAIL_SENT_TO_CARRIER,Y,
2024-11-01,5000262155,smithfield-foods,Hirschbach Motor Lines Inc,ready_to_pickup,,,,SUCCESS,FETCHED_CARRIER_SCAC; LOAD_UPDATED; MAIL_SENT_TO_CARRIER,Y,
2024-11-01,5000262159,smithfield-foods,Buhr's Trucking,ready_to_pickup,,,,SUCCESS,FETCHED_CARRIER_SCAC; LOAD_UPDATED; MAIL_SENT_TO_CARRIER,,
2024-11-01,5000262206,smithfield-foods,Sharkey Transportation,ready_to_pickup,,,,SUCCESS,FETCHED_CARRIER_SCAC; LOAD_UPDATED; MAIL_SENT_TO_CARRIER,Y,
2024-11-01,5000262207,smithfield-foods,Friend Freightways Inc.,ready_to_pickup,,,,SUCCESS,FETCHED_CARRIER_SCAC; LOAD_UPDATED; MAIL_SENT_TO_CARRIER,,
2024-11-01,5000262212,smithfield-foods,Potter Transport Inc.,ready_to_pickup,,,,SUCCESS,FETCHED_CARRIER_SCAC; LOAD_UPDATED; MAIL_SENT_TO_CARRIER,,
2024-11-01,5000262213,smithfield-foods,Hirschbach Motor Lines Inc,ready_to_pickup,,,,SUCCESS,FETCHED_CARRIER_SCAC; LOAD_UPDATED; MAIL_SENT_TO_CARRIER,Y,
2024-11-01,5000262215,smithfield-foods,Hirschbach Motor Lines Inc,ready_to_pickup,,,,SUCCESS,FETCHED_CARRIER_SCAC; LOAD_UPDATED; MAIL_SENT_TO_CARRIER,Y,
2024-11-01,5000262238,smithfield-foods,Johnson Feed Inc.,ready_to_pickup,,,,SUCCESS,FETCHED_CARRIER_SCAC; LOAD_UPDATED; MAIL_SENT_TO_CARRIER,,
2024-11-01,5000262246,smithfield-foods,Sharkey Transportation,ready_to_pickup,,,,SUCCESS,FETCHED_CARRIER_SCAC; LOAD_UPDATED; MAIL_SENT_TO_CARRIER,Y,
2024-11-01,5000262253,smithfield-foods,Sharkey Transportation,ready_to_pickup,,,,SUCCESS,FETCHED_CARRIER_SCAC; LOAD_UPDATED; MAIL_SENT_TO_CARRIER,Y,
2024-11-01,5000262262,smithfield-foods,Johnson Feed Inc.,ready_to_pickup,,,,SUCCESS,FETCHED_CARRIER_SCAC; LOAD_UPDATED; MAIL_SENT_TO_CARRIER,Y,Y
2024-11-01,5000262264,smithfield-foods,Sharkey Transportation,ready_to_pickup,,,,SUCCESS,FETCHED_CARRIER_SCAC; LOAD_UPDATED; MAIL_SENT_TO_CARRIER,Y,
2024-11-02,4303565837,smithfield-foods,Hirschbach Motor Lines Inc,ready_to_pickup,,,,SUCCESS,FETCHED_CARRIER_SCAC; LOAD_UPDATED; MAIL_SENT_TO_CARRIER,Y,
2024-11-02,4303655656,smithfield-foods,Prime Inc.,ready_to_pickup,,,,SUCCESS,FETCHED_CARRIER_SCAC; LOAD_UPDATED; MAIL_SENT_TO_CARRIER,Y,
2024-11-02,4303697246,smithfield-foods,Hirschbach Motor Lines Inc,ready_to_pickup,,,,SUCCESS,FETCHED_CARRIER_SCAC; LOAD_UPDATED; MAIL_SENT_TO_CARRIER,Y,
2024-11-02,4303697481,smithfield-foods,Eickhoff Enterprises Inc,ready_to_pickup,,,,SUCCESS,FETCHED_CARRIER_SCAC; LOAD_UPDATED; MAIL_SENT_TO_CARRIER,Y,
2024-11-02,4303697560,smithfield-foods,K and B Transportation Inc.,ready_to_pickup,,,,SUCCESS,FETCHED_CARRIER_SCAC; LOAD_UPDATED; MAIL_SENT_TO_CARRIER,Y,Y
2024-11-02,4303697560,smithfield-foods,K and B Transportation Inc.,ready_to_pickup,,,,SUCCESS,FETCHED_CARRIER_SCAC; LOAD_UPDATED; MAIL_SENT_TO_CARRIER,,
2024-11-02,4303699803,smithfield-foods,Stevens Transport,ready_to_pickup,,,,SUCCESS,FETCHED_CARRIER_SCAC; LOAD_UPDATED; MAIL_SENT_TO_CARRIER,Y,
2024-11-02,4303705021,smithfield-foods,Prime Inc.,ready_to_pickup,,,,SUCCESS,FETCHED_CARRIER_SCAC; LOAD_UPDATED; MAIL_SENT_TO_CARRIER,Y,
2024-11-02,4303705137,smithfield-foods,Prime Inc.,ready_to_pickup,,,,SUCCESS,FETCHED_CARRIER_SCAC; LOAD_UPDATED; MAIL_SENT_TO_CARRIER,Y,
2024-11-02,4303705963,smithfield-foods,HILL BROTHERS TRANSPORTATION INC,ready_to_pickup,,,,SUCCESS,FETCHED_CARRIER_SCAC; LOAD_UPDATED; MAIL_SENT_TO_CARRIER,Y,Y
2024-11-02,4303705963,smithfield-foods,HILL BROTHERS TRANSPORTATION INC,ready_to_pickup,,,,SUCCESS,FETCHED_CARRIER_SCAC; LOAD_UPDATED; MAIL_SENT_TO_CARRIER,Y,
2024-11-02,4303706527,smithfield-foods,Buhr's Trucking,ready_to_pickup,,,,SUCCESS,FETCHED_CARRIER_SCAC; LOAD_UPDATED; MAIL_SENT_TO_CARRIER,Y,
2024-11-02,4303706695,smithfield-foods,Prime Inc.,ready_to_pickup,,,,SUCCESS,FETCHED_CARRIER_SCAC; LOAD_UPDATED; MAIL_SENT_TO_CARRIER,Y,
2024-11-02,4303707005,smithfield-foods,Prime Inc.,ready_to_pickup,,,,SUCCESS,FETCHED_CARRIER_SCAC; LOAD_UPDATED; MAIL_SENT_TO_CARRIER,Y,
2024-11-02,4303707826,smithfield-foods,Hirschbach Motor Lines Inc,ready_to_pickup,,,,SUCCESS,FETCHED_CARRIER_SCAC; LOAD_UPDATED; MAIL_SENT_TO_CARRIER,Y,
2024-11-02,5000260912,smithfield-foods,Heyl Truck Lines,ready_to_pickup,,,,SUCCESS,FETCHED_CARRIER_SCAC; LOAD_UPDATED; MAIL_SENT_TO_CARRIER,Y,
2024-11-02,5000262069,smithfield-foods,Hirschbach Motor Lines Inc,ready_to_pickup,,,,SUCCESS,FETCHED_CARRIER_SCAC; LOAD_UPDATED; MAIL_SENT_TO_CARRIER,Y,Y
2024-11-02,5000262069,smithfield-foods,Hirschbach Motor Lines Inc,ready_to_pickup,,,,SUCCESS,FETCHED_CARRIER_SCAC; LOAD_UPDATED; MAIL_SENT_TO_CARRIER,Y,
2024-11-02,5000262213,smithfield-foods,Hirschbach Motor Lines Inc,ready_to_pickup,,,,SUCCESS,FETCHED_CARRIER_SCAC; LOAD_UPDATED; MAIL_SENT_TO_CARRIER,Y,Y
2024-11-02,5000262213,smithfield-foods,Hirschbach Motor Lines Inc,ready_to_pickup,,,,SUCCESS,FETCHED_CARRIER_SCAC; LOAD_UPDATED; MAIL_SENT_TO_CARRIER,Y,
2024-11-02,5000262262,smithfield-foods,Johnson Feed Inc.,ready_to_pickup,,,,SUCCESS,FETCHED_CARRIER_SCAC; LOAD_UPDATED; MAIL_SENT_TO_CARRIER,Y,
2024-11-02,5000262286,smithfield-foods,Sharkey Transportation,ready_to_pickup,,,,SUCCESS,FETCHED_CARRIER_SCAC; LOAD_UPDATED; MAIL_SENT_TO_CARRIER,Y,Y
2024-11-02,5000262286,smithfield-foods,Sharkey Transportation,ready_to_pickup,,,,SUCCESS,FETCHED_CARRIER_SCAC; LOAD_UPDATED; MAIL_SENT_TO_CARRIER,Y,
2024-11-02,5000262287,smithfield-foods,Sharkey Transportation,ready_to_pickup,,,,SUCCESS,FETCHED_CARRIER_SCAC; LOAD_UPDATED; MAIL_SENT_TO_CARRIER,Y,Y
2024-11-02,5000262287,smithfield-foods,Sharkey Transportation,ready_to_pickup,,,,SUCCESS,FETCHED_CARRIER_SCAC; LOAD_UPDATED; MAIL_SENT_TO_CARRIER,Y,
2024-11-02,5000262288,smithfield-foods,Sharkey Transportation,ready_to_pickup,,,,SUCCESS,FETCHED_CARRIER_SCAC; LOAD_UPDATED; MAIL_SENT_TO_CARRIER,Y,Y
2024-11-02,5000262288,smithfield-foods,Sharkey Transportation,ready_to_pickup,,,,SUCCESS,FETCHED_CARRIER_SCAC; LOAD_UPDATED; MAIL_SENT_TO_CARRIER,Y,
2024-11-02,5000262289,smithfield-foods,Potter Transport Inc.,ready_to_pickup,,,,SUCCESS,FETCHED_CARRIER_SCAC; LOAD_UPDATED; MAIL_SENT_TO_CARRIER,Y,
2024-11-02,5000262303,smithfield-foods,Potter Transport Inc.,ready_to_pickup,,,,SUCCESS,FETCHED_CARRIER_SCAC; LOAD_UPDATED; MAIL_SENT_TO_CARRIER,Y,
2024-11-02,5000262309,smithfield-foods,Sharkey Transportation,ready_to_pickup,,,,SUCCESS,FETCHED_CARRIER_SCAC; LOAD_UPDATED; MAIL_SENT_TO_CARRIER,Y,Y
2024-11-02,5000262309,smithfield-foods,Sharkey Transportation,ready_to_pickup,,,,SUCCESS,FETCHED_CARRIER_SCAC; LOAD_UPDATED; MAIL_SENT_TO_CARRIER,Y,
2024-11-02,5000262328,smithfield-foods,Moeller Trucking Inc.,ready_to_pickup,,,,SUCCESS,FETCHED_CARRIER_SCAC; LOAD_UPDATED; MAIL_SENT_TO_CARRIER,Y,
2024-11-02,5000262341,smithfield-foods,Buhr's Trucking,ready_to_pickup,,,,SUCCESS,FETCHED_CARRIER_SCAC; LOAD_UPDATED; MAIL_SENT_TO_CARRIER,Y,
2024-11-02,5000262345,smithfield-foods,Potter Transport Inc.,ready_to_pickup,,,,SUCCESS,FETCHED_CARRIER_SCAC; LOAD_UPDATED; MAIL_SENT_TO_CARRIER,Y,
2024-11-02,5000262347,smithfield-foods,Friend Freightways Inc.,ready_to_pickup,,,,SUCCESS,FETCHED_CARRIER_SCAC; LOAD_UPDATED; MAIL_SENT_TO_CARRIER,Y,Y
2024-11-02,5000262347,smithfield-foods,Friend Freightways Inc.,ready_to_pickup,,,,SUCCESS,FETCHED_CARRIER_SCAC; LOAD_UPDATED; MAIL_SENT_TO_CARRIER,,
2024-11-02,5000262349,smithfield-foods,Armour Eckrich Transportation,ready_to_pickup,,,,SUCCESS,FETCHED_CARRIER_SCAC; LOAD_UPDATED; MAIL_SENT_TO_CARRIER,Y,
2024-11-02,5000262351,smithfield-foods,Hirschbach Motor Lines Inc,ready_to_pickup,,,,SUCCESS,FETCHED_CARRIER_SCAC; LOAD_UPDATED; MAIL_SENT_TO_CARRIER,Y,Y
2024-11-02,5000262351,smithfield-foods,Hirschbach Motor Lines Inc,ready_to_pickup,,,,SUCCESS,FETCHED_CARRIER_SCAC; LOAD_UPDATED; MAIL_SENT_TO_CARRIER,Y,
2024-11-02,5000262356,smithfield-foods,Potter Transport Inc.,ready_to_pickup,,,,SUCCESS,FETCHED_CARRIER_SCAC; LOAD_UPDATED; MAIL_SENT_TO_CARRIER,,
2024-11-02,5000262361,smithfield-foods,Sharkey Transportation,ready_to_pickup,,,,SUCCESS,FETCHED_CARRIER_SCAC; LOAD_UPDATED; MAIL_SENT_TO_CARRIER,Y,Y
2024-11-02,5000262361,smithfield-foods,Sharkey Transportation,ready_to_pickup,,,,SUCCESS,FETCHED_CARRIER_SCAC; LOAD_UPDATED; MAIL_SENT_TO_CARRIER,Y,
2024-11-02,5000262362,smithfield-foods,Sharkey Transportation,ready_to_pickup,,,,SUCCESS,FETCHED_CARRIER_SCAC; LOAD_UPDATED; MAIL_SENT_TO_CARRIER,Y,Y
2024-11-02,5000262362,smithfield-foods,Sharkey Transportation,ready_to_pickup,,,,SUCCESS,FETCHED_CARRIER_SCAC; LOAD_UPDATED; MAIL_SENT_TO_CARRIER,Y,
2024-11-02,5000262376,smithfield-foods,Sharkey Transportation,ready_to_pickup,,,,SUCCESS,FETCHED_CARRIER_SCAC; LOAD_UPDATED; MAIL_SENT_TO_CARRIER,Y,Y
2024-11-02,5000262376,smithfield-foods,Sharkey Transportation,ready_to_pickup,,,,SUCCESS,FETCHED_CARRIER_SCAC; LOAD_UPDATED; MAIL_SENT_TO_CARRIER,Y,
2024-11-02,5000262377,smithfield-foods,Potter Transport Inc.,ready_to_pickup,,,,SUCCESS,FETCHED_CARRIER_SCAC; LOAD_UPDATED; MAIL_SENT_TO_CARRIER,Y,
2024-11-02,5000262390,smithfield-foods,Potter Transport Inc.,ready_to_pickup,,,,SUCCESS,FETCHED_CARRIER_SCAC; LOAD_UPDATED; MAIL_SENT_TO_CARRIER,Y,
2024-11-02,5000262400,smithfield-foods,Potter Transport Inc.,ready_to_pickup,,,,SUCCESS,FETCHED_CARRIER_SCAC; LOAD_UPDATED; MAIL_SENT_TO_CARRIER,Y,
2024-11-02,5000262401,smithfield-foods,Sharkey Transportation,ready_to_pickup,,,,SUCCESS,FETCHED_CARRIER_SCAC; LOAD_UPDATED; MAIL_SENT_TO_CARRIER,Y,Y
2024-11-02,5000262401,smithfield-foods,Sharkey Transportation,ready_to_pickup,,,,SUCCESS,FETCHED_CARRIER_SCAC; LOAD_UPDATED; MAIL_SENT_TO_CARRIER,Y,
2024-11-03,4303710005,smithfield-foods,Prime Inc.,ready_to_pickup,,,,SUCCESS,FETCHED_CARRIER_SCAC; LOAD_UPDATED; MAIL_SENT_TO_CARRIER,Y,Y
2024-11-03,5000262341,smithfield-foods,Buhr's Trucking,ready_to_pickup,,,,SUCCESS,FETCHED_CARRIER_SCAC; LOAD_UPDATED; MAIL_SENT_TO_CARRIER,Y,Y
2024-11-03,5000262347,smithfield-foods,Friend Freightways Inc.,ready_to_pickup,,,,SUCCESS,FETCHED_CARRIER_SCAC; LOAD_UPDATED; MAIL_SENT_TO_CARRIER,Y,
2024-11-03,5000262349,smithfield-foods,Armour Eckrich Transportation,ready_to_pickup,,,,SUCCESS,FETCHED_CARRIER_SCAC; LOAD_UPDATED; MAIL_SENT_TO_CARRIER,Y,Y
2024-11-03,5000262424,smithfield-foods,Potter Transport Inc.,ready_to_pickup,,,,SUCCESS,FETCHED_CARRIER_SCAC; LOAD_UPDATED; MAIL_SENT_TO_CARRIER,Y,
2024-11-03,5000262439,smithfield-foods,Buhr's Trucking,ready_to_pickup,,,,SUCCESS,FETCHED_CARRIER_SCAC; LOAD_UPDATED; MAIL_SENT_TO_CARRIER,Y,Y
2024-11-03,5000262440,smithfield-foods,Johnson Feed Inc.,ready_to_pickup,,,,SUCCESS,FETCHED_CARRIER_SCAC; LOAD_UPDATED; MAIL_SENT_TO_CARRIER,Y,Y
2024-11-05,4303684473,smithfield-foods,Sharkey Transportation,ready_to_pickup,,,,SUCCESS,FETCHED_CARRIER_SCAC; LOAD_UPDATED; MAIL_SENT_TO_CARRIER,,
2024-11-05,4303691291,smithfield-foods,Hirschbach Motor Lines Inc,ready_to_pickup,,,,SUCCESS,FETCHED_CARRIER_SCAC; LOAD_UPDATED; MAIL_SENT_TO_CARRIER,Y,Y
2024-11-05,4303692159,smithfield-foods,Raider Express Inc.,ready_to_pickup,,,,SUCCESS,FETCHED_CARRIER_SCAC; LOAD_UPDATED; MAIL_SENT_TO_CARRIER,Y,
2024-11-05,4303697248,smithfield-foods,Hirschbach Motor Lines Inc,ready_to_pickup,,,,SUCCESS,FETCHED_CARRIER_SCAC; LOAD_UPDATED; MAIL_SENT_TO_CARRIER,,
2024-11-05,4303697499,smithfield-foods,Hirschbach Motor Lines Inc,ready_to_pickup,,,,SUCCESS,FETCHED_CARRIER_SCAC; LOAD_UPDATED; MAIL_SENT_TO_CARRIER,,
2024-11-05,4303697576,smithfield-foods,Hirschbach Motor Lines Inc,ready_to_pickup,,,,SUCCESS,FETCHED_CARRIER_SCAC; LOAD_UPDATED; MAIL_SENT_TO_CARRIER,,
2024-11-05,4303697641,smithfield-foods,WINDWALKER TRANSPORTATION INC,ready_to_pickup,,,,SUCCESS,FETCHED_CARRIER_SCAC; LOAD_UPDATED; MAIL_SENT_TO_CARRIER,,
2024-11-05,4303697745,smithfield-foods,Johnson Feed Inc.,ready_to_pickup,,,,SUCCESS,FETCHED_CARRIER_SCAC; LOAD_UPDATED; MAIL_SENT_TO_CARRIER,,
2024-11-05,4303697750,smithfield-foods,WINDWALKER TRANSPORTATION INC,ready_to_pickup,,,,SUCCESS,FETCHED_CARRIER_SCAC; LOAD_UPDATED; MAIL_SENT_TO_CARRIER,,
2024-11-05,4303702249,smithfield-foods,Raider Express Inc.,ready_to_pickup,,,,SUCCESS,FETCHED_CARRIER_SCAC; LOAD_UPDATED; MAIL_SENT_TO_CARRIER,Y,Y
2024-11-05,4303702427,smithfield-foods,Bennett Trucking,ready_to_pickup,,,,SUCCESS,FETCHED_CARRIER_SCAC; LOAD_UPDATED; MAIL_SENT_TO_CARRIER,Y,Y
2024-11-05,4303702531,smithfield-foods,Stevens Transport,ready_to_pickup,,,,SUCCESS,FETCHED_CARRIER_SCAC; LOAD_UPDATED; MAIL_SENT_TO_CARRIER,,
2024-11-05,4303702547,smithfield-foods,Hirschbach Motor Lines Inc,ready_to_pickup,,,,SUCCESS,FETCHED_CARRIER_SCAC; LOAD_UPDATED; MAIL_SENT_TO_CARRIER,Y,
2024-11-05,4303702550,smithfield-foods,Raider Express Inc.,ready_to_pickup,,,,SUCCESS,FETCHED_CARRIER_SCAC; LOAD_UPDATED; MAIL_SENT_TO_CARRIER,Y,Y
2024-11-05,4303702565,smithfield-foods,Stevens Transport,ready_to_pickup,,,,SUCCESS,FETCHED_CARRIER_SCAC; LOAD_UPDATED; MAIL_SENT_TO_CARRIER,,
2024-11-05,4303703918,smithfield-foods,Hirschbach Motor Lines Inc,ready_to_pickup,,,,SUCCESS,FETCHED_CARRIER_SCAC; LOAD_UPDATED; MAIL_SENT_TO_CARRIER,Y,
2024-11-05,4303703921,smithfield-foods,Johnson Feed Inc.,ready_to_pickup,,,,SUCCESS,FETCHED_CARRIER_SCAC; LOAD_UPDATED; MAIL_SENT_TO_CARRIER,Y,Y
2024-11-05,4303703931,smithfield-foods,Lazer Spot,ready_to_pickup,,,,SUCCESS,FETCHED_CARRIER_SCAC; LOAD_UPDATED; MAIL_SENT_TO_CARRIER,Y,Y
2024-11-05,4303704338,smithfield-foods,Hirschbach Motor Lines Inc,ready_to_pickup,,,,SUCCESS,FETCHED_CARRIER_SCAC; LOAD_UPDATED; MAIL_SENT_TO_CARRIER,Y,
2024-11-05,4303704342,smithfield-foods,Hirschbach Motor Lines Inc,ready_to_pickup,,,,SUCCESS,FETCHED_CARRIER_SCAC; LOAD_UPDATED; MAIL_SENT_TO_CARRIER,,
2024-11-05,4303704343,smithfield-foods,Hirschbach Motor Lines Inc,ready_to_pickup,,,,SUCCESS,FETCHED_CARRIER_SCAC; LOAD_UPDATED; MAIL_SENT_TO_CARRIER,Y,
2024-11-05,4303704344,smithfield-foods,Hirschbach Motor Lines Inc,ready_to_pickup,,,,SUCCESS,FETCHED_CARRIER_SCAC; LOAD_UPDATED; MAIL_SENT_TO_CARRIER,,
2024-11-05,4303705377,smithfield-foods,WINDWALKER TRANSPORTATION INC,ready_to_pickup,,,,SUCCESS,FETCHED_CARRIER_SCAC; LOAD_UPDATED; MAIL_SENT_TO_CARRIER,,
2024-11-05,4303705477,smithfield-foods,Raider Express Inc.,ready_to_pickup,,,,SUCCESS,FETCHED_CARRIER_SCAC; LOAD_UPDATED; MAIL_SENT_TO_CARRIER,Y,Y
2024-11-05,4303706823,smithfield-foods,TransAm Trucking Inc,ready_to_pickup,,,,SUCCESS,FETCHED_CARRIER_SCAC; LOAD_UPDATED; MAIL_SENT_TO_CARRIER,,
2024-11-05,4303707674,smithfield-foods,Dakota Carriers Inc,ready_to_pickup,,,,SUCCESS,FETCHED_CARRIER_SCAC; LOAD_UPDATED; MAIL_SENT_TO_CARRIER,,
2024-11-05,4303707736,smithfield-foods,Dakota Carriers Inc,ready_to_pickup,,,,SUCCESS,FETCHED_CARRIER_SCAC; LOAD_UPDATED; MAIL_SENT_TO_CARRIER,,
2024-11-05,4303708277,smithfield-foods,WINDWALKER TRANSPORTATION INC,ready_to_pickup,,,,SUCCESS,FETCHED_CARRIER_SCAC; LOAD_UPDATED; MAIL_SENT_TO_CARRIER,,
2024-11-05,4303708612,smithfield-foods,Armour Eckrich Transportation,ready_to_pickup,,,,SUCCESS,FETCHED_CARRIER_SCAC; LOAD_UPDATED; MAIL_SENT_TO_CARRIER,Y,Y
2024-11-05,4303711028,smithfield-foods,Armour Eckrich Transportation,ready_to_pickup,,,,SUCCESS,FETCHED_CARRIER_SCAC; LOAD_UPDATED; MAIL_SENT_TO_CARRIER,Y,Y
2024-11-05,5000262295,smithfield-foods,Sharkey Transportation,ready_to_pickup,,,,SUCCESS,FETCHED_CARRIER_SCAC; LOAD_UPDATED; MAIL_SENT_TO_CARRIER,,
2024-11-05,5000262452,smithfield-foods,Sharkey Transportation,ready_to_pickup,,,,SUCCESS,FETCHED_CARRIER_SCAC; LOAD_UPDATED; MAIL_SENT_TO_CARRIER,,
2024-11-05,5000262456,smithfield-foods,Sharkey Transportation,ready_to_pickup,,,,SUCCESS,FETCHED_CARRIER_SCAC; LOAD_UPDATED; MAIL_SENT_TO_CARRIER,,
2024-11-04,4303597371,smithfield-foods,Bennett Trucking,ready_to_pickup,,,,SUCCESS,FETCHED_CARRIER_SCAC; LOAD_UPDATED; MAIL_SENT_TO_CARRIER,Y,Y
2024-11-04,4303646194,smithfield-foods,Hirschbach Motor Lines Inc,ready_to_pickup,,,,SUCCESS,FETCHED_CARRIER_SCAC; LOAD_UPDATED; MAIL_SENT_TO_CARRIER,,
2024-11-04,4303672977,smithfield-foods,ST Freight LLC,ready_to_pickup,,,,SUCCESS,FETCHED_CARRIER_SCAC; LOAD_UPDATED; MAIL_SENT_TO_CARRIER,Y,
2024-11-04,4303684479,smithfield-foods,Raider Express Inc.,ready_to_pickup,,,,SUCCESS,FETCHED_CARRIER_SCAC; LOAD_UPDATED; MAIL_SENT_TO_CARRIER,Y,
2024-11-04,4303684586,smithfield-foods,Johnson Feed Inc.,ready_to_pickup,,,,SUCCESS,FETCHED_CARRIER_SCAC; LOAD_UPDATED; MAIL_SENT_TO_CARRIER,Y,
2024-11-04,4303697236,smithfield-foods,Johnson Feed Inc.,ready_to_pickup,,,,SUCCESS,FETCHED_CARRIER_SCAC; LOAD_UPDATED; MAIL_SENT_TO_CARRIER,Y,Y
2024-11-04,4303697756,smithfield-foods,Johnson Feed Inc.,ready_to_pickup,,,,SUCCESS,FETCHED_CARRIER_SCAC; LOAD_UPDATED; MAIL_SENT_TO_CARRIER,Y,Y
2024-11-04,4303700451,smithfield-foods,WINDWALKER TRANSPORTATION INC,ready_to_pickup,,,,SUCCESS,FETCHED_CARRIER_SCAC; LOAD_UPDATED; MAIL_SENT_TO_CARRIER,Y,
2024-11-04,4303701823,smithfield-foods,Armour Eckrich Transportation,ready_to_pickup,,,,SUCCESS,FETCHED_CARRIER_SCAC; LOAD_UPDATED; MAIL_SENT_TO_CARRIER,Y,
2024-11-04,4303701883,smithfield-foods,"Nationwide Transportation, Inc. (NTWD)",ready_to_pickup,,,,SUCCESS,FETCHED_CARRIER_SCAC; LOAD_UPDATED; MAIL_SENT_TO_CARRIER,Y,
2024-11-04,4303701965,smithfield-foods,Armour Eckrich Transportation,ready_to_pickup,,,,SUCCESS,FETCHED_CARRIER_SCAC; LOAD_UPDATED; MAIL_SENT_TO_CARRIER,Y,
2024-11-04,4303702220,smithfield-foods,Armour Eckrich Transportation,ready_to_pickup,,,,SUCCESS,FETCHED_CARRIER_SCAC; LOAD_UPDATED; MAIL_SENT_TO_CARRIER,Y,
2024-11-04,4303702522,smithfield-foods,Bennett Trucking,ready_to_pickup,,,,SUCCESS,FETCHED_CARRIER_SCAC; LOAD_UPDATED; MAIL_SENT_TO_CARRIER,Y,Y
2024-11-04,4303702559,smithfield-foods,Potter Transport Inc.,ready_to_pickup,,,,SUCCESS,FETCHED_CARRIER_SCAC; LOAD_UPDATED; MAIL_SENT_TO_CARRIER,,
2024-11-04,4303704670,smithfield-foods,Hirschbach Motor Lines Inc,ready_to_pickup,,,,SUCCESS,FETCHED_CARRIER_SCAC; LOAD_UPDATED; MAIL_SENT_TO_CARRIER,Y,
2024-11-04,4303705197,smithfield-foods,Johnson Feed Inc.,ready_to_pickup,,,,SUCCESS,FETCHED_CARRIER_SCAC; LOAD_UPDATED; MAIL_SENT_TO_CARRIER,Y,Y
2024-11-04,4303705224,smithfield-foods,Hirschbach Motor Lines Inc,ready_to_pickup,,,,SUCCESS,FETCHED_CARRIER_SCAC; LOAD_UPDATED; MAIL_SENT_TO_CARRIER,Y,
2024-11-04,4303705352,smithfield-foods,Johnson Feed Inc.,ready_to_pickup,,,,SUCCESS,FETCHED_CARRIER_SCAC; LOAD_UPDATED; MAIL_SENT_TO_CARRIER,Y,Y
2024-11-04,4303705477,smithfield-foods,Raider Express Inc.,ready_to_pickup,,,,SUCCESS,FETCHED_CARRIER_SCAC; LOAD_UPDATED; MAIL_SENT_TO_CARRIER,Y,Y
2024-11-04,4303705697,smithfield-foods,Hirschbach Motor Lines Inc,ready_to_pickup,,,,SUCCESS,FETCHED_CARRIER_SCAC; LOAD_UPDATED; MAIL_SENT_TO_CARRIER,Y,
2024-11-04,4303705713,smithfield-foods,Hirschbach Motor Lines Inc,ready_to_pickup,,,,SUCCESS,FETCHED_CARRIER_SCAC; LOAD_UPDATED; MAIL_SENT_TO_CARRIER,Y,
2024-11-04,4303705888,smithfield-foods,Hirschbach Motor Lines Inc,ready_to_pickup,,,,SUCCESS,FETCHED_CARRIER_SCAC; LOAD_UPDATED; MAIL_SENT_TO_CARRIER,Y,
2024-11-04,4303705980,smithfield-foods,Hirschbach Motor Lines Inc,ready_to_pickup,,,,SUCCESS,FETCHED_CARRIER_SCAC; LOAD_UPDATED; MAIL_SENT_TO_CARRIER,Y,
2024-11-04,4303706039,smithfield-foods,Hirschbach Motor Lines Inc,ready_to_pickup,,,,SUCCESS,FETCHED_CARRIER_SCAC; LOAD_UPDATED; MAIL_SENT_TO_CARRIER,Y,
2024-11-04,4303706040,smithfield-foods,Hirschbach Motor Lines Inc,ready_to_pickup,,,,SUCCESS,FETCHED_CARRIER_SCAC; LOAD_UPDATED; MAIL_SENT_TO_CARRIER,Y,
2024-11-04,4303706111,smithfield-foods,Hirschbach Motor Lines Inc,ready_to_pickup,,,,SUCCESS,FETCHED_CARRIER_SCAC; LOAD_UPDATED; MAIL_SENT_TO_CARRIER,Y,
2024-11-04,4303706149,smithfield-foods,Raider Express Inc.,ready_to_pickup,,,,SUCCESS,FETCHED_CARRIER_SCAC; LOAD_UPDATED; MAIL_SENT_TO_CARRIER,Y,Y
2024-11-04,4303706332,smithfield-foods,Hirschbach Motor Lines Inc,ready_to_pickup,,,,SUCCESS,FETCHED_CARRIER_SCAC; LOAD_UPDATED; MAIL_SENT_TO_CARRIER,Y,
2024-11-04,4303706815,smithfield-foods,ST Freight LLC,ready_to_pickup,,,,SUCCESS,FETCHED_CARRIER_SCAC; LOAD_UPDATED; MAIL_SENT_TO_CARRIER,Y,
2024-11-04,4303707563,smithfield-foods,Hirschbach Motor Lines Inc,ready_to_pickup,,,,SUCCESS,FETCHED_CARRIER_SCAC; LOAD_UPDATED; MAIL_SENT_TO_CARRIER,Y,
2024-11-04,4303707709,smithfield-foods,Hirschbach Motor Lines Inc,ready_to_pickup,,,,SUCCESS,FETCHED_CARRIER_SCAC; LOAD_UPDATED; MAIL_SENT_TO_CARRIER,Y,
2024-11-04,4303707747,smithfield-foods,WINDWALKER TRANSPORTATION INC,ready_to_pickup,,,,SUCCESS,FETCHED_CARRIER_SCAC; LOAD_UPDATED; MAIL_SENT_TO_CARRIER,Y,
2024-11-04,4303709423,smithfield-foods,Prime Inc.,ready_to_pickup,,,,SUCCESS,FETCHED_CARRIER_SCAC; LOAD_UPDATED; MAIL_SENT_TO_CARRIER,Y,
2024-11-04,4303710737,smithfield-foods,Stevens Transport,ready_to_pickup,,,,SUCCESS,FETCHED_CARRIER_SCAC; LOAD_UPDATED; MAIL_SENT_TO_CARRIER,Y,
2024-11-04,4303710951,smithfield-foods,Hirschbach Motor Lines Inc,ready_to_pickup,,,,SUCCESS,FETCHED_CARRIER_SCAC; LOAD_UPDATED; MAIL_SENT_TO_CARRIER,Y,
2024-11-04,4303712024,smithfield-foods,Larsen Logistics,ready_to_pickup,,,,SUCCESS,FETCHED_CARRIER_SCAC; LOAD_UPDATED; MAIL_SENT_TO_CARRIER,Y,
2024-11-04,5000262341,smithfield-foods,Buhr's Trucking,ready_to_pickup,,,,SUCCESS,FETCHED_CARRIER_SCAC; LOAD_UPDATED; MAIL_SENT_TO_CARRIER,Y,
2024-11-04,5000262347,smithfield-foods,Friend Freightways Inc.,ready_to_pickup,,,,SUCCESS,FETCHED_CARRIER_SCAC; LOAD_UPDATED; MAIL_SENT_TO_CARRIER,,
2024-11-04,5000262349,smithfield-foods,Armour Eckrich Transportation,ready_to_pickup,,,,SUCCESS,FETCHED_CARRIER_SCAC; LOAD_UPDATED; MAIL_SENT_TO_CARRIER,Y,
2024-11-04,5000262424,smithfield-foods,Potter Transport Inc.,ready_to_pickup,,,,SUCCESS,FETCHED_CARRIER_SCAC; LOAD_UPDATED; MAIL_SENT_TO_CARRIER,,
2024-11-04,5000262439,smithfield-foods,Buhr's Trucking,ready_to_pickup,,,,SUCCESS,FETCHED_CARRIER_SCAC; LOAD_UPDATED; MAIL_SENT_TO_CARRIER,Y,
2024-11-04,5000262440,smithfield-foods,Johnson Feed Inc.,ready_to_pickup,,,,SUCCESS,FETCHED_CARRIER_SCAC; LOAD_UPDATED; MAIL_SENT_TO_CARRIER,Y,
2024-11-06,4303660989,smithfield-foods,Prime Inc.,ready_to_pickup,,,,SUCCESS,FETCHED_CARRIER_SCAC; LOAD_UPDATED; MAIL_SENT_TO_CARRIER,Y,Y
2024-11-06,4303668083,smithfield-foods,John J. Jerue Truck Broker Inc.,ready_to_pickup,,,,SUCCESS,FETCHED_CARRIER_SCAC; LOAD_UPDATED; MAIL_SENT_TO_CARRIER,Y,Y
2024-11-06,4303680891,smithfield-foods,Prime Inc.,ready_to_pickup,,,,SUCCESS,FETCHED_CARRIER_SCAC; LOAD_UPDATED; MAIL_SENT_TO_CARRIER,Y,Y
2024-11-06,4303684591,smithfield-foods,Hirschbach Motor Lines Inc,ready_to_pickup,,,,SUCCESS,FETCHED_CARRIER_SCAC; LOAD_UPDATED; MAIL_SENT_TO_CARRIER,Y,
2024-11-06,4303684593,smithfield-foods,Raider Express Inc.,ready_to_pickup,,,,SUCCESS,FETCHED_CARRIER_SCAC; LOAD_UPDATED; MAIL_SENT_TO_CARRIER,Y,
2024-11-06,4303696431,smithfield-foods,Angulo Transportation Services LLC,ready_to_pickup,,,,SUCCESS,FETCHED_CARRIER_SCAC; LOAD_UPDATED; MAIL_SENT_TO_CARRIER,,
2024-11-06,4303697499,smithfield-foods,Hirschbach Motor Lines Inc,ready_to_pickup,,,,SUCCESS,FETCHED_CARRIER_SCAC; LOAD_UPDATED; MAIL_SENT_TO_CARRIER,,
2024-11-06,4303697576,smithfield-foods,Hirschbach Motor Lines Inc,ready_to_pickup,,,,SUCCESS,FETCHED_CARRIER_SCAC; LOAD_UPDATED; MAIL_SENT_TO_CARRIER,,
2024-11-06,4303697641,smithfield-foods,WINDWALKER TRANSPORTATION INC,ready_to_pickup,,,,SUCCESS,FETCHED_CARRIER_SCAC; LOAD_UPDATED; MAIL_SENT_TO_CARRIER,Y,Y
2024-11-06,4303697645,smithfield-foods,WINDWALKER TRANSPORTATION INC,ready_to_pickup,,,,SUCCESS,FETCHED_CARRIER_SCAC; LOAD_UPDATED; MAIL_SENT_TO_CARRIER,Y,Y
2024-11-06,4303697741,smithfield-foods,Armour Eckrich Transportation,ready_to_pickup,,,,SUCCESS,FETCHED_CARRIER_SCAC; LOAD_UPDATED; MAIL_SENT_TO_CARRIER,Y,Y
2024-11-06,4303697755,smithfield-foods,Prime Inc.,ready_to_pickup,,,,SUCCESS,FETCHED_CARRIER_SCAC; LOAD_UPDATED; MAIL_SENT_TO_CARRIER,,
2024-11-06,4303697803,smithfield-foods,TransAm Trucking Inc,ready_to_pickup,,,,SUCCESS,FETCHED_CARRIER_SCAC; LOAD_UPDATED; MAIL_SENT_TO_CARRIER,Y,
2024-11-06,4303699945,smithfield-foods,Hirschbach Motor Lines Inc,ready_to_pickup,,,,SUCCESS,FETCHED_CARRIER_SCAC; LOAD_UPDATED; MAIL_SENT_TO_CARRIER,,
2024-11-06,4303701075,smithfield-foods,Angulo Transportation Services LLC,ready_to_pickup,,,,SUCCESS,FETCHED_CARRIER_SCAC; LOAD_UPDATED; MAIL_SENT_TO_CARRIER,Y,
2024-11-06,4303701292,smithfield-foods,Raider Express Inc.,ready_to_pickup,,,,SUCCESS,FETCHED_CARRIER_SCAC; LOAD_UPDATED; MAIL_SENT_TO_CARRIER,Y,
2024-11-06,4303701697,smithfield-foods,Moeller Trucking Inc.,ready_to_pickup,,,,SUCCESS,FETCHED_CARRIER_SCAC; LOAD_UPDATED; MAIL_SENT_TO_CARRIER,,
2024-11-06,4303701796,smithfield-foods,Buhr's Trucking,ready_to_pickup,,,,SUCCESS,FETCHED_CARRIER_SCAC; LOAD_UPDATED; MAIL_SENT_TO_CARRIER,Y,Y
2024-11-06,4303701796,smithfield-foods,Buhr's Trucking,ready_to_pickup,,,,SUCCESS,FETCHED_CARRIER_SCAC; LOAD_UPDATED; MAIL_SENT_TO_CARRIER,Y,
2024-11-06,4303701828,smithfield-foods,Armour Eckrich Transportation,ready_to_pickup,,,,SUCCESS,FETCHED_CARRIER_SCAC; LOAD_UPDATED; MAIL_SENT_TO_CARRIER,Y,Y
2024-11-06,4303701860,smithfield-foods,Pro Transport and Leasing,ready_to_pickup,,,,SUCCESS,FETCHED_CARRIER_SCAC; LOAD_UPDATED; MAIL_SENT_TO_CARRIER,Y,Y
2024-11-06,4303702008,smithfield-foods,Raider Express Inc.,ready_to_pickup,,,,SUCCESS,FETCHED_CARRIER_SCAC; LOAD_UPDATED; MAIL_SENT_TO_CARRIER,Y,Y
2024-11-06,4303702097,smithfield-foods,K and B Transportation Inc.,ready_to_pickup,,,,SUCCESS,FETCHED_CARRIER_SCAC; LOAD_UPDATED; MAIL_SENT_TO_CARRIER,,
2024-11-06,4303702238,smithfield-foods,Hirschbach Motor Lines Inc,ready_to_pickup,,,,SUCCESS,FETCHED_CARRIER_SCAC; LOAD_UPDATED; MAIL_SENT_TO_CARRIER,Y,
2024-11-06,4303702270,smithfield-foods,Armour Eckrich Transportation,ready_to_pickup,,,,SUCCESS,FETCHED_CARRIER_SCAC; LOAD_UPDATED; MAIL_SENT_TO_CARRIER,,
2024-11-06,4303702305,smithfield-foods,Johnson Feed Inc.,ready_to_pickup,,,,SUCCESS,FETCHED_CARRIER_SCAC; LOAD_UPDATED; MAIL_SENT_TO_CARRIER,,
2024-11-06,4303702442,smithfield-foods,Hirschbach Motor Lines Inc,ready_to_pickup,,,,SUCCESS,FETCHED_CARRIER_SCAC; LOAD_UPDATED; MAIL_SENT_TO_CARRIER,Y,
2024-11-06,4303702443,smithfield-foods,Hirschbach Motor Lines Inc,ready_to_pickup,,,,SUCCESS,FETCHED_CARRIER_SCAC; LOAD_UPDATED; MAIL_SENT_TO_CARRIER,Y,
2024-11-06,4303702495,smithfield-foods,Armour Eckrich Transportation,ready_to_pickup,,,,SUCCESS,FETCHED_CARRIER_SCAC; LOAD_UPDATED; MAIL_SENT_TO_CARRIER,,
2024-11-06,4303702524,smithfield-foods,Moeller Trucking Inc.,ready_to_pickup,,,,SUCCESS,FETCHED_CARRIER_SCAC; LOAD_UPDATED; MAIL_SENT_TO_CARRIER,,
2024-11-06,4303702550,smithfield-foods,Raider Express Inc.,ready_to_pickup,,,,SUCCESS,FETCHED_CARRIER_SCAC; LOAD_UPDATED; MAIL_SENT_TO_CARRIER,Y,Y
2024-11-06,4303702551,smithfield-foods,Armour Eckrich Transportation,ready_to_pickup,,,,SUCCESS,FETCHED_CARRIER_SCAC; LOAD_UPDATED; MAIL_SENT_TO_CARRIER,,
2024-11-06,4303703923,smithfield-foods,LHP Transportation Services,ready_to_pickup,,,,SUCCESS,FETCHED_CARRIER_SCAC; LOAD_UPDATED; MAIL_SENT_TO_CARRIER,Y,Y
2024-11-06,4303703930,smithfield-foods,Moeller Trucking Inc.,ready_to_pickup,,,,SUCCESS,FETCHED_CARRIER_SCAC; LOAD_UPDATED; MAIL_SENT_TO_CARRIER,,
2024-11-06,4303704289,smithfield-foods,Raider Express Inc.,ready_to_pickup,,,,SUCCESS,FETCHED_CARRIER_SCAC; LOAD_UPDATED; MAIL_SENT_TO_CARRIER,Y,
2024-11-06,4303704339,smithfield-foods,Hirschbach Motor Lines Inc,ready_to_pickup,,,,SUCCESS,FETCHED_CARRIER_SCAC; LOAD_UPDATED; MAIL_SENT_TO_CARRIER,,
2024-11-06,4303704345,smithfield-foods,Hirschbach Motor Lines Inc,ready_to_pickup,,,,SUCCESS,FETCHED_CARRIER_SCAC; LOAD_UPDATED; MAIL_SENT_TO_CARRIER,,
2024-11-06,4303704908,smithfield-foods,Raider Express Inc.,ready_to_pickup,,,,SUCCESS,FETCHED_CARRIER_SCAC; LOAD_UPDATED; MAIL_SENT_TO_CARRIER,Y,Y
2024-11-06,4303705570,smithfield-foods,Prime Inc.,ready_to_pickup,,,,SUCCESS,FETCHED_CARRIER_SCAC; LOAD_UPDATED; MAIL_SENT_TO_CARRIER,Y,Y
2024-11-06,4303705955,smithfield-foods,Hirschbach Motor Lines Inc,ready_to_pickup,,,,SUCCESS,FETCHED_CARRIER_SCAC; LOAD_UPDATED; MAIL_SENT_TO_CARRIER,,
2024-11-06,4303706019,smithfield-foods,Hirschbach Motor Lines Inc,ready_to_pickup,,,,SUCCESS,FETCHED_CARRIER_SCAC; LOAD_UPDATED; MAIL_SENT_TO_CARRIER,Y,
2024-11-06,4303706368,smithfield-foods,Buhr's Trucking,ready_to_pickup,,,,SUCCESS,FETCHED_CARRIER_SCAC; LOAD_UPDATED; MAIL_SENT_TO_CARRIER,Y,Y
2024-11-06,4303706397,smithfield-foods,Friend Freightways Inc.,ready_to_pickup,,,,SUCCESS,FETCHED_CARRIER_SCAC; LOAD_UPDATED; MAIL_SENT_TO_CARRIER,,
2024-11-06,4303706665,smithfield-foods,Raider Express Inc.,ready_to_pickup,,,,SUCCESS,FETCHED_CARRIER_SCAC; LOAD_UPDATED; MAIL_SENT_TO_CARRIER,Y,
2024-11-06,4303706719,smithfield-foods,Heyl Truck Lines,ready_to_pickup,,,,SUCCESS,FETCHED_CARRIER_SCAC; LOAD_UPDATED; MAIL_SENT_TO_CARRIER,Y,
2024-11-06,4303706825,smithfield-foods,TransAm Trucking Inc,ready_to_pickup,,,,SUCCESS,FETCHED_CARRIER_SCAC; LOAD_UPDATED; MAIL_SENT_TO_CARRIER,Y,
2024-11-06,4303706900,smithfield-foods,Stevens Transport,ready_to_pickup,,,,SUCCESS,FETCHED_CARRIER_SCAC; LOAD_UPDATED; MAIL_SENT_TO_CARRIER,,
2024-11-06,4303708057,smithfield-foods,Bennett Trucking,ready_to_pickup,,,,SUCCESS,FETCHED_CARRIER_SCAC; LOAD_UPDATED; MAIL_SENT_TO_CARRIER,Y,
2024-11-06,4303708276,smithfield-foods,Hirschbach Motor Lines Inc,ready_to_pickup,,,,SUCCESS,FETCHED_CARRIER_SCAC; LOAD_UPDATED; MAIL_SENT_TO_CARRIER,,
2024-11-06,4303709084,smithfield-foods,Buhr's Trucking,ready_to_pickup,,,,SUCCESS,FETCHED_CARRIER_SCAC; LOAD_UPDATED; MAIL_SENT_TO_CARRIER,Y,Y
2024-11-06,4303709426,smithfield-foods,Armour Eckrich Transportation,ready_to_pickup,,,,SUCCESS,FETCHED_CARRIER_SCAC; LOAD_UPDATED; MAIL_SENT_TO_CARRIER,Y,Y
2024-11-06,4303709953,smithfield-foods,Raider Express Inc.,ready_to_pickup,,,,SUCCESS,FETCHED_CARRIER_SCAC; LOAD_UPDATED; MAIL_SENT_TO_CARRIER,Y,Y
2024-11-06,4303710125,smithfield-foods,Armour Eckrich Transportation,ready_to_pickup,,,,SUCCESS,FETCHED_CARRIER_SCAC; LOAD_UPDATED; MAIL_SENT_TO_CARRIER,,
2024-11-06,4303711102,smithfield-foods,Prime Inc.,ready_to_pickup,,,,SUCCESS,FETCHED_CARRIER_SCAC; LOAD_UPDATED; MAIL_SENT_TO_CARRIER,Y,Y
2024-11-06,4303711667,smithfield-foods,Armour Eckrich Transportation,ready_to_pickup,,,,SUCCESS,FETCHED_CARRIER_SCAC; LOAD_UPDATED; MAIL_SENT_TO_CARRIER,Y,Y
2024-11-06,4303711770,smithfield-foods,Hirschbach Motor Lines Inc,ready_to_pickup,,,,SUCCESS,FETCHED_CARRIER_SCAC; LOAD_UPDATED; MAIL_SENT_TO_CARRIER,,
2024-11-06,4303712644,smithfield-foods,Johnson Feed Inc.,ready_to_pickup,,,,SUCCESS,FETCHED_CARRIER_SCAC; LOAD_UPDATED; MAIL_SENT_TO_CARRIER,,
2024-11-06,4303713340,smithfield-foods,Armour Eckrich Transportation,ready_to_pickup,,,,SUCCESS,FETCHED_CARRIER_SCAC; LOAD_UPDATED; MAIL_SENT_TO_CARRIER,Y,Y
2024-11-06,4303713366,smithfield-foods,Johnson Feed Inc.,ready_to_pickup,,,,SUCCESS,FETCHED_CARRIER_SCAC; LOAD_UPDATED; MAIL_SENT_TO_CARRIER,,
2024-11-06,4303713737,smithfield-foods,Stevens Transport,ready_to_pickup,,,,SUCCESS,FETCHED_CARRIER_SCAC; LOAD_UPDATED; MAIL_SENT_TO_CARRIER,,
2024-11-06,4303714061,smithfield-foods,Johnson Feed Inc.,ready_to_pickup,,,,SUCCESS,FETCHED_CARRIER_SCAC; LOAD_UPDATED; MAIL_SENT_TO_CARRIER,,
2024-11-06,5000262417,smithfield-foods,Hirschbach Motor Lines Inc,ready_to_pickup,,,,SUCCESS,FETCHED_CARRIER_SCAC; LOAD_UPDATED; MAIL_SENT_TO_CARRIER,,
2024-11-06,5000262493,smithfield-foods,Buhr's Trucking,ready_to_pickup,,,,SUCCESS,FETCHED_CARRIER_SCAC; LOAD_UPDATED; MAIL_SENT_TO_CARRIER,Y,
2024-11-06,5000262513,smithfield-foods,Buhr's Trucking,ready_to_pickup,,,,SUCCESS,FETCHED_CARRIER_SCAC; LOAD_UPDATED; MAIL_SENT_TO_CARRIER,Y,Y
2024-11-06,5000262513,smithfield-foods,Buhr's Trucking,ready_to_pickup,,,,SUCCESS,FETCHED_CARRIER_SCAC; LOAD_UPDATED; MAIL_SENT_TO_CARRIER,Y,
2024-11-06,5000262539,smithfield-foods,Sharkey Transportation,ready_to_pickup,,,,SUCCESS,FETCHED_CARRIER_SCAC; LOAD_UPDATED; MAIL_SENT_TO_CARRIER,,
2024-11-06,5000262548,smithfield-foods,Friend Freightways Inc.,ready_to_pickup,,,,SUCCESS,FETCHED_CARRIER_SCAC; LOAD_UPDATED; MAIL_SENT_TO_CARRIER,,
2024-11-06,5000262581,smithfield-foods,Friend Freightways Inc.,ready_to_pickup,,,,SUCCESS,FETCHED_CARRIER_SCAC; LOAD_UPDATED; MAIL_SENT_TO_CARRIER,,
2024-11-06,5000262601,smithfield-foods,Johnson Feed Inc.,ready_to_pickup,,,,SUCCESS,FETCHED_CARRIER_SCAC; LOAD_UPDATED; MAIL_SENT_TO_CARRIER,,
2024-11-06,5000262610,smithfield-foods,Johnson Feed Inc.,ready_to_pickup,,,,SUCCESS,FETCHED_CARRIER_SCAC; LOAD_UPDATED; MAIL_SENT_TO_CARRIER,,
2024-11-06,5000262620,smithfield-foods,Buhr's Trucking,ready_to_pickup,,,,SUCCESS,FETCHED_CARRIER_SCAC; LOAD_UPDATED; MAIL_SENT_TO_CARRIER,Y,Y
2024-11-06,5000262621,smithfield-foods,Armour Eckrich Transportation,ready_to_pickup,,,,SUCCESS,FETCHED_CARRIER_SCAC; LOAD_UPDATED; MAIL_SENT_TO_CARRIER,,
